customer_id,first_name,last_name,email,phone_number,address,city,country,postal_code,loyalty_points
1,Moria,Dabbes,mdabbes0@google.com.br,108-815-2381,9 Melvin Court,Longquan,China,,399
2,Pia,Lewinton,plewinton1@mozilla.com,129-587-3769,294 Garrison Center,Perez,Philippines,4334,369
3,Lavinie,Holehouse,lholehouse2@delicious.com,106-498-0153,44 Dryden Crossing,Koani Ndogo,Tanzania,,144
4,Sutherland,Flott,sflott3@blog.com,290-560-7253,9593 Fulton Alley,Yima,China,,750
5,Jefferson,Targetter,jtargetter4@umich.edu,547-584-2951,4 Hovde Place,Tumba,Sweden,147 42,153
6,Livvyy,Trehearn,ltrehearn5@tripod.com,809-519-6027,22 Moland Alley,Guadalupe,Mexico,38900,171
7,Maddie,Toner,mtoner6@ucsd.edu,533-250-6404,1859 Trailsway Center,Watsa,Democratic Republic of the Congo,,11
8,Avram,Payton,apayton7@squidoo.com,662-830-4156,6527 Mallard Hill,Miramichi,Canada,L7G,632
9,Gillan,Quade,gquade8@rambler.ru,151-934-0446,778 Briar Crest Trail,Posse,Brazil,73900-000,212
10,Ailyn,Wallege,awallege9@businessweek.com,165-318-5066,032 Montana Junction,Dadian,China,,508
11,Linzy,Dicty,ldictya@storify.com,518-798-7283,916 Pepper Wood Parkway,Béreldange,Luxembourg,L-8295,251
12,Nonnah,Domotor,ndomotorb@live.com,274-168-0999,683 Sunnyside Drive,Zheshart,Russia,169045,417
13,Kerr,Hulett,khulettc@linkedin.com,949-204-4999,2327 Trailsway Center,San Ignacio,Honduras,,314
14,Theodoric,MacCracken,tmaccrackend@flavors.me,929-769-9276,4991 Oxford Crossing,Jimenez,Philippines,7204,84
15,Hamish,Govier,hgoviere@topsy.com,924-956-4863,4 Anniversary Plaza,Oele,Indonesia,,796
16,Chastity,Leachman,cleachmanf@hud.gov,291-536-6566,59066 Eastwood Circle,Pathum Thani,Thailand,53140,971
17,Hodge,Windaybank,hwindaybankg@latimes.com,980-294-3048,2702 Pankratz Place,Nandulehe,China,,545
18,Alfie,Girkin,agirkinh@bloglines.com,198-250-6535,4991 Michigan Court,Katyuzhanka,Ukraine,,918
19,Hunt,Nares,hnaresi@stumbleupon.com,216-670-5387,6411 Butterfield Court,Andop,Philippines,1174,536
20,Evelyn,Mapstone,emapstonej@tmall.com,575-838-9172,6415 Village Avenue,Huddinge,Sweden,141 38,159
21,Anestassia,Dybald,adybaldk@vinaora.com,765-933-9567,92 Ramsey Circle,Indianapolis,United States,46202,400
22,Darcie,Goldthorp,dgoldthorpl@canalblog.com,391-453-8685,8 Kingsford Plaza,Napu,Indonesia,,545
23,Maddie,Fields,mfieldsm@webs.com,570-419-3752,578 Onsgard Lane,Banjar Cemenggon,Indonesia,,348
24,Ned,Bullingham,nbullinghamn@ed.gov,635-316-7782,002 Steensland Drive,Žrnovnica,Croatia,21251,780
25,Merrill,Pigram,mpigramo@purevolume.com,262-808-3128,81308 Center Lane,Nouvelle France,Mauritius,,851
26,Maggy,Mechi,mmechip@microsoft.com,335-652-9299,82 Clemons Alley,Stockholm,Sweden,114 84,716
27,Mathew,Pennick,mpennickq@usa.gov,737-248-7853,04822 Corben Court,Pignon,Haiti,,543
28,Way,Jelf,wjelfr@adobe.com,732-196-2587,4 Esch Place,Czernikowo,Poland,87-640,484
29,Maxim,Coysh,mcoyshs@fema.gov,591-231-2238,78 Montana Plaza,Kyra,Russia,674250,160
30,Kimmie,Sustin,ksustint@virginia.edu,983-168-8263,7312 Walton Junction,Xuanbao,China,,624
31,Vallie,Holme,vholmeu@europa.eu,201-998-2698,88 Loftsgordon Pass,Wufeng,China,,238
32,Enos,Wing,ewingv@bravesites.com,762-946-8322,3 La Follette Hill,Sudogda,Russia,601352,566
33,Celle,Driffe,cdriffew@hexun.com,239-451-6136,311 Buena Vista Avenue,Jianggao,China,,543
34,Estele,Latek,elatekx@goo.gl,478-109-5878,7076 Eagan Plaza,Korydallós,Greece,,454
35,Rosalind,Bamford,rbamfordy@boston.com,129-948-9804,727 Bluestem Drive,Nässjö,Sweden,571 82,401
36,Victor,Furney,vfurneyz@intel.com,949-223-3040,021 Knutson Pass,Villa Gesell,Argentina,7165,987
37,Freeman,Paybody,fpaybody10@huffingtonpost.com,571-284-2927,67576 Delladonna Parkway,Saint-Maixent-l'École,France,79404 CEDEX,543
38,Ted,Redmile,tredmile11@mit.edu,207-656-5252,6150 Havey Parkway,General Conesa,Argentina,8503,689
39,Corrie,Goldspink,cgoldspink12@ehow.com,203-198-9147,5 Banding Drive,Leping,China,,857
40,Thorin,Colleymore,tcolleymore13@xrea.com,124-871-7680,51807 Leroy Point,Wilfrido Loor Moreira,Ecuador,,648
41,Trumann,Sarfat,tsarfat14@independent.co.uk,536-941-6282,6 Marcy Junction,Tobatí,Paraguay,,653
42,Thekla,Dugmore,tdugmore15@seesaa.net,357-934-1411,5665 Walton Plaza,Tutup,Indonesia,,992
43,Halsey,Cryer,hcryer16@live.com,545-421-4543,50 Nelson Street,Tabatinga,Brazil,14910-000,590
44,Davin,Carus,dcarus17@bloomberg.com,742-156-9691,98 Moose Lane,Songgui,China,,357
45,Jennifer,Benstead,jbenstead18@addtoany.com,455-543-8016,711 Prairieview Way,Santiago do Cacém,Portugal,7540-104,479
46,Joice,Albery,jalbery19@shinystat.com,825-734-8458,8 Golf Course Lane,Pinaring,Philippines,1110,87
47,Obadias,Hatherell,ohatherell1a@fda.gov,151-290-9559,79 Forster Way,Vrbno pod Pradědem,Czech Republic,793 26,882
48,Kare,Lovatt,klovatt1b@hud.gov,928-721-6045,111 Eastwood Park,San Carlos,Colombia,232517,696
49,Emilia,Bonfield,ebonfield1c@msn.com,298-374-1663,6554 Hovde Plaza,Kaišiadorys,Lithuania,56001,200
50,Veradis,O' Hern,vohern1d@china.com.cn,517-812-0514,9 Havey Drive,Jerez,Guatemala,22010,346
51,Stefanie,Iverson,siverson1e@devhub.com,999-924-2594,7541 Paget Hill,Sabana Grande,Venezuela,,963
52,Mei,Scrane,mscrane1f@blog.com,446-846-1312,56 Lien Way,Zharkent,Kazakhstan,,401
53,Alvie,Boteman,aboteman1g@github.com,179-872-2588,008 Lake View Terrace,Navan,Ireland,D11,423
54,Papagena,Algy,palgy1h@bandcamp.com,811-134-7952,542 Express Parkway,Axioúpoli,Greece,,514
55,Danila,Whiston,dwhiston1i@myspace.com,469-337-5663,21048 West Park,Qiagai,China,,474
56,Darla,Blofeld,dblofeld1j@skyrock.com,484-493-1079,400 Schlimgen Circle,Karangnongko,Indonesia,,187
57,Gretta,Deville,gdeville1k@slate.com,539-479-2490,002 Vera Junction,Osa,Russia,618146,43
58,Manuel,Andrewartha,mandrewartha1l@blogger.com,462-224-6824,4 Norway Maple Trail,Cipatat,Indonesia,,191
59,Gennifer,Renny,grenny1m@ustream.tv,640-218-2732,8216 Bonner Circle,Babagan,Indonesia,,977
60,Sumner,Cuttin,scuttin1n@mlb.com,720-397-3274,02611 Havey Alley,Cikubang,Indonesia,,668
61,Almire,Baglin,abaglin1o@cpanel.net,630-409-2422,3 Brickson Park Street,Ferreiros,Portugal,2420-316,958
62,Ellery,Fredy,efredy1p@si.edu,989-744-3177,3 Manitowish Place,Jaba‘,Palestinian Territory,,667
63,Erl,Baudesson,ebaudesson1q@aol.com,520-290-1810,55 Myrtle Park,Maţarah,Yemen,,481
64,Willard,Woodcock,wwoodcock1r@deviantart.com,332-617-0444,24604 Toban Center,Timbó,Brazil,89120-000,89
65,Aurel,Bailiss,abailiss1s@newyorker.com,919-342-1091,275 Truax Avenue,Carolina,South Africa,1185,795
66,Sonya,Wylie,swylie1t@latimes.com,101-328-5795,92703 Bobwhite Court,Linshi,China,,868
67,Adolpho,Kincey,akincey1u@homestead.com,116-512-5877,911 Hallows Center,Gandrungmangu,Indonesia,,674
68,Kay,McTurlough,kmcturlough1v@amazon.com,663-682-7382,9 Mallory Avenue,Masjed Soleymān,Iran,,530
69,Odey,Mallinar,omallinar1w@newyorker.com,406-431-0206,4728 Old Shore Crossing,Walton,United Kingdom,CV35,939
70,Blithe,Gisburn,bgisburn1x@ihg.com,558-987-2000,2238 Rockefeller Parkway,Gaspar,Brazil,89110-000,552
71,Shay,Hawney,shawney1y@ox.ac.uk,908-275-2175,35165 Nelson Point,Renhe,China,,976
72,Torie,Gledhall,tgledhall1z@blogs.com,967-539-1600,0908 Washington Road,Itatuba,Brazil,58378-000,215
73,Ansel,Bryce,abryce20@qq.com,618-860-7846,092 Ilene Trail,Xinlong,China,,228
74,Michal,Allston,mallston21@sciencedirect.com,216-972-9983,8946 School Street,Kanshi,China,,451
75,Aila,Gerald,agerald22@toplist.cz,647-794-3069,8 Scoville Way,Bente,Indonesia,,298
76,Dot,Woolmington,dwoolmington23@macromedia.com,164-524-4913,659 Lotheville Crossing,Alīgūdarz,Iran,,651
77,Lizzy,Lemonnier,llemonnier24@tumblr.com,585-191-8283,98001 Melody Junction,Armanāz,Syria,,743
78,Milo,Bennetto,mbennetto25@hexun.com,452-876-3935,64564 Scofield Place,Sanghan,Philippines,1773,326
79,Lorrie,Swanton,lswanton26@va.gov,179-378-3781,5 Goodland Lane,Bitam,Gabon,,965
80,Koenraad,Leadstone,kleadstone27@de.vu,845-204-7316,55866 Di Loreto Hill,Vilares,Portugal,4745-358,0
81,Michele,Carlucci,mcarlucci28@wsj.com,840-157-5231,40 Bartelt Circle,Pingqiao,China,,529
82,Karee,Baltzar,kbaltzar29@trellian.com,860-450-0342,54438 Pearson Pass,Ballisodare,Ireland,E45,97
83,Emylee,Bronger,ebronger2a@abc.net.au,404-742-9333,373 Pine View Trail,Uście Gorlickie,Poland,38-315,649
84,Wilona,Bignal,wbignal2b@state.tx.us,260-324-9971,177 Eggendart Court,Zhize,China,,215
85,Ricki,Eykelhof,reykelhof2c@google.pl,468-647-5159,577 Division Place,Jinshiqiao,China,,86
86,Kellie,Pipkin,kpipkin2d@gov.uk,911-326-9610,60 Petterle Parkway,Quisqueya,Dominican Republic,11109,590
87,Flss,Monnelly,fmonnelly2e@diigo.com,599-731-7664,09 Farragut Place,Xinxing,China,,782
88,Calypso,Hazeltine,chazeltine2f@craigslist.org,358-449-0714,7461 Esch Avenue,Göteborg,Sweden,404 32,972
89,Cole,Forsythe,cforsythe2g@wix.com,306-849-1665,7727 Twin Pines Parkway,Paris 12,France,75604 CEDEX 12,996
90,Bear,Pates,bpates2h@toplist.cz,430-684-6574,6113 Nova Center,Jinxiang,China,,352
91,Maudie,Dennerley,mdennerley2i@cornell.edu,121-780-2457,5644 Harper Pass,Saint-Denis,Reunion,97471 CEDEX,296
92,Boigie,Worboys,bworboys2j@delicious.com,747-858-7601,07770 Dryden Crossing,Kula,Serbia,,857
93,Bertie,Norster,bnorster2k@gmpg.org,542-864-4360,3 Mendota Place,Niandui,China,,322
94,Gustie,Payler,gpayler2l@joomla.org,895-421-2237,0820 John Wall Terrace,Guarapari,Brazil,29200-000,877
95,Vic,Larham,vlarham2m@webmd.com,547-487-2286,6403 Anhalt Park,Kramators’k,Ukraine,,45
96,Nissie,Earley,nearley2n@cbc.ca,907-815-5107,571 Hoard Trail,Siguiri,Guinea,,292
97,Kimmie,Edmondson,kedmondson2o@time.com,948-982-3172,9 Scofield Place,Dao,Philippines,5810,944
98,Aveline,Goodere,agoodere2p@latimes.com,840-163-1418,60 Sloan Junction,Medalem,Indonesia,,718
99,Kleon,Aughton,kaughton2q@cafepress.com,219-301-6513,677 Killdeer Place,Sekolan,Indonesia,,244
100,Mikol,Boullen,mboullen2r@indiegogo.com,974-497-1247,473 Elmside Circle,Eláteia,Greece,,718
101,Hedwig,Dow,hdow2s@woothemes.com,643-560-9536,80072 Lunder Trail,Baru,Indonesia,,734
102,Jilli,Patriche,jpatriche2t@cnn.com,638-235-4482,4 Talisman Court,Pak Thong Chai,Thailand,30150,779
103,Jud,Spykings,jspykings2u@pen.io,557-295-0339,6 Messerschmidt Hill,Pajaten,Indonesia,,38
104,Aime,Glennon,aglennon2v@youtube.com,680-571-2998,6681 Butterfield Hill,Rawawilis,Indonesia,,680
105,Kissie,Gocher,kgocher2w@wix.com,472-692-6576,76571 Merchant Center,Dawang,China,,171
106,Kirbie,Shimwell,kshimwell2x@amazon.com,964-335-2775,20528 6th Center,Thị Trấn Văn Quan,Vietnam,,138
107,Hannie,Bibbie,hbibbie2y@barnesandnoble.com,142-977-4943,5 Scofield Drive,Santa Eulalia,Peru,,15
108,Kelly,Raddenbury,kraddenbury2z@sourceforge.net,771-901-0223,803 Homewood Road,Zhenjiang,China,,972
109,Obediah,Piggin,opiggin30@bizjournals.com,485-468-1054,3485 Mosinee Court,Murree,Pakistan,47214,828
110,Gerri,Comino,gcomino31@ameblo.jp,145-220-1977,39 Monument Park,Purwosari,Indonesia,,603
111,Lucas,Tsar,ltsar32@seattletimes.com,170-606-9941,689 Service Terrace,Viale,Argentina,3109,389
112,Tymothy,Wilkisson,twilkisson33@jalbum.net,601-734-1734,9009 Mariners Cove Park,Biecz,Poland,38-340,734
113,Gran,Huke,ghuke34@tripod.com,408-744-8972,5 Westport Terrace,Francisco I Madero,Mexico,93995,767
114,Adeline,Aulsford,aaulsford35@netscape.com,828-245-8930,38136 Bultman Circle,Santa Rosa,Argentina,4618,992
115,Christean,Sparham,csparham36@seesaa.net,114-381-2844,36845 Atwood Terrace,Mouquim,Portugal,4770-354,979
116,Latia,Hutley,lhutley37@marketwatch.com,289-779-2616,2206 Graedel Point,Vedène,France,84274 CEDEX,190
117,Damara,Scamerden,dscamerden38@blogspot.com,871-470-5147,49399 Browning Hill,Soito,Portugal,3460-710,611
118,Neron,Betterton,nbetterton39@cnet.com,910-984-7573,6 North Avenue,Bystřice nad Pernštejnem,Czech Republic,593 01,143
119,Skippie,Liggins,sliggins3a@ca.gov,435-552-2842,5 Golden Leaf Park,Xuebu,China,,960
120,Ingram,Hagerty,ihagerty3b@typepad.com,685-385-9987,5 Anhalt Lane,Ust-Kamenogorsk,Kazakhstan,,71
121,Geno,Brusby,gbrusby3c@slate.com,929-403-6946,3 Sunnyside Parkway,Onsala,Sweden,439 37,599
122,Elora,Rudloff,erudloff3d@archive.org,474-682-0325,60 Mayfield Pass,‘Akko,Israel,,517
123,Chilton,Barbary,cbarbary3e@bravesites.com,116-113-6987,8 Daystar Alley,Borda da Mata,Brazil,37564-000,857
124,Marna,Motherwell,mmotherwell3f@samsung.com,357-351-0136,06 Almo Street,Alarobia,Madagascar,,379
125,Riva,Caudelier,rcaudelier3g@smh.com.au,252-722-6301,141 Dovetail Crossing,Birowo,Indonesia,,269
126,Averell,Powley,apowley3h@archive.org,587-919-0405,0 Waubesa Terrace,Strezhevoy,Russia,636785,433
127,Bailie,Toon,btoon3i@theatlantic.com,943-369-0227,7 Mariners Cove Drive,Sapele,Nigeria,,824
128,Cortie,Khomin,ckhomin3j@buzzfeed.com,101-399-1114,97 Washington Trail,Magong,China,,339
129,Ronna,Flanne,rflanne3k@archive.org,840-829-6378,52974 Del Sol Parkway,Liloan,Philippines,6612,824
130,Des,Glencros,dglencros3l@hp.com,588-553-3884,0999 Anzinger Way,Ngurensiti,Indonesia,,279
131,Marga,Mabb,mmabb3m@loc.gov,956-662-1306,8001 Maywood Road,Đạ Tẻh,Vietnam,,735
132,Nellie,Hilland,nhilland3n@plala.or.jp,447-206-5002,9 Clarendon Circle,Klyetsk,Belarus,,817
133,Alexander,Rumke,arumke3o@fotki.com,414-693-7931,7443 Helena Alley,Nîmes,France,30935 CEDEX 9,586
134,Seth,Kneebone,skneebone3p@w3.org,284-107-0902,14 Dottie Drive,Oliveiras,Portugal,4745-235,542
135,Analise,Scarth,ascarth3q@a8.net,938-844-2218,98 Dawn Street,Ketapang,Indonesia,,380
136,L;urette,Sprull,lsprull3r@weather.com,639-456-4069,8321 3rd Avenue,Třinec,Czech Republic,739 94,726
137,Hilary,Bottomley,hbottomley3s@parallels.com,692-806-6019,664 5th Way,Ḩāfiz̧ Moghul,Afghanistan,,901
138,Larina,Daud,ldaud3t@gov.uk,982-777-6405,03 Gateway Parkway,Tobatí,Paraguay,,670
139,Marsha,Ipgrave,mipgrave3u@cnn.com,318-316-0449,657 Toban Alley,Nansheng,China,,233
140,Marlon,Cersey,mcersey3v@xrea.com,690-996-2941,15 Shopko Parkway,Longcheng,China,,230
141,Drucill,Bradwell,dbradwell3w@icio.us,136-203-5215,07 Reinke Drive,Ardirejo,Indonesia,,477
142,Vick,Rustidge,vrustidge3x@sciencedirect.com,344-397-4382,50 Bluestem Junction,Gogosuket,Indonesia,,480
143,Arnold,Raubheim,araubheim3y@1und1.de,575-722-6581,952 Dwight Alley,Dongping,China,,4
144,Arline,Coskerry,acoskerry3z@drupal.org,237-360-5903,2 Amoth Point,Nazca,Peru,,676
145,Letti,Howarth,lhowarth40@accuweather.com,129-145-7922,2092 Texas Road,Malanje,Angola,,49
146,Carlie,Tinghill,ctinghill41@vk.com,500-928-1156,1575 Chive Plaza,Yingde’er,China,,816
147,Giraldo,Lees,glees42@miibeian.gov.cn,148-443-1578,19 Michigan Place,Cabog,Philippines,1101,110
148,Duffy,Pettipher,dpettipher43@nature.com,509-769-1957,73088 Fordem Crossing,Santiago del Estero,Argentina,4200,509
149,Gabriellia,Di Francesco,gdifrancesco44@joomla.org,993-966-6790,25 Loftsgordon Center,Huaping,China,,819
150,Matti,Jovicevic,mjovicevic45@google.de,293-363-1392,6 New Castle Junction,Itatinga,Brazil,18690-000,232
151,Debra,Penwarden,dpenwarden46@illinois.edu,644-987-2590,88 Rieder Alley,Rancanyenang,Indonesia,,779
152,Constancy,Cahn,ccahn47@mlb.com,415-575-0669,45 Blue Bill Park Lane,San Francisco,United States,94159,995
153,Lib,McCaghan,lmccaghan48@hp.com,869-820-6372,6 Crescent Oaks Plaza,Narva,Estonia,,942
154,Audi,Mocquer,amocquer49@ox.ac.uk,160-947-9987,4157 Chinook Lane,Pongkor,Indonesia,,885
155,Yard,Tooth,ytooth4a@timesonline.co.uk,830-969-1841,62666 Fallview Center,Catanduva,Brazil,15800-000,539
156,Tiffani,Janse,tjanse4b@bloglines.com,516-576-7746,953 Mallard Pass,Beishan,China,,81
157,Marylin,Anselmi,manselmi4c@toplist.cz,318-667-8512,80 Redwing Drive,Sandviken,Sweden,811 40,943
158,Modesty,O'Doherty,modoherty4d@t-online.de,713-167-1159,3 Sundown Pass,Amarillo,United States,79176,216
159,Sherrie,Barnsdale,sbarnsdale4e@rediff.com,693-497-9736,5 Dunning Way,Comrat,Moldova,MD-5354,815
160,Malinde,Jacox,mjacox4f@ycombinator.com,228-871-9651,1779 Fulton Drive,La Cruz,Costa Rica,51001,308
161,Lonni,Cregg,lcregg4g@archive.org,719-207-3894,30 Sugar Circle,Colorado Springs,United States,80905,593
162,Rickard,Gainfort,rgainfort4h@studiopress.com,908-998-2951,1 Express Center,Xinzhou,China,,673
163,Cordie,Budibent,cbudibent4i@ovh.net,683-509-5740,3147 Surrey Court,Videira,Brazil,89560-000,331
164,Gaston,Gabbidon,ggabbidon4j@mozilla.org,685-177-0797,6 7th Drive,Patria,Philippines,2005,434
165,Deane,Buckney,dbuckney4k@163.com,668-359-0086,3024 Melby Way,Porto Martins,Portugal,9760-099,59
166,Colver,Pioch,cpioch4l@patch.com,547-357-4886,259 Meadow Valley Drive,Adolfo Lopez Mateos,Mexico,94324,269
167,Gavra,Brittlebank,gbrittlebank4m@blogspot.com,960-907-5669,52079 Hermina Place,Kiszkowo,Poland,62-280,374
168,Joelle,Spencley,jspencley4n@lulu.com,168-901-1439,047 Iowa Junction,Meilisi,China,,72
169,Ev,Barnsdall,ebarnsdall4o@imdb.com,366-968-5645,75 Waxwing Trail,Guangfu,China,,988
170,Cullen,Barkas,cbarkas4p@nymag.com,454-895-8591,24 Ronald Regan Point,Tielu,China,,398
171,Calv,Leser,cleser4q@google.it,926-168-9036,5426 Village Green Circle,Imaichi,Japan,999-1413,928
172,Chryste,Stoddard,cstoddard4r@unicef.org,790-354-5416,135 Northridge Center,Fujioka,Japan,999-7638,206
173,Rhianon,Goodwill,rgoodwill4s@opensource.org,316-119-1566,98 New Castle Street,Wichita,United States,67260,745
174,Kelly,Copping,kcopping4t@deliciousdays.com,404-639-1725,457 Parkside Center,Aguazul,Colombia,856019,531
175,Lia,Tolputt,ltolputt4u@blogger.com,463-267-9962,479 Pawling Drive,Tasīl,Syria,,388
176,Griffith,Martlew,gmartlew4v@wufoo.com,762-688-8913,22496 Melrose Drive,Balzers,Liechtenstein,9496,875
177,Winfred,Bradder,wbradder4w@xrea.com,108-404-8582,8 Caliangt Alley,Chaoyangdong,China,,161
178,Barbette,Pembery,bpembery4x@github.io,860-714-7415,534 Bartelt Drive,Solor,Indonesia,,352
179,Dorthy,Humbatch,dhumbatch4y@barnesandnoble.com,494-411-9435,9780 International Junction,Jalpatagua,Guatemala,22012,866
180,Otha,Caherny,ocaherny4z@cpanel.net,282-460-8688,82965 Oakridge Park,Shishan,China,,960
181,Brandon,Desvignes,bdesvignes50@jalbum.net,754-414-4839,08 Graceland Way,Mang’it Shahri,Uzbekistan,,986
182,Di,Bownas,dbownas51@so-net.ne.jp,420-401-9224,94239 Main Street,Mengla,China,,73
183,Marylou,Kearle,mkearle52@sina.com.cn,717-764-2653,46 Dapin Crossing,Dongtuan,China,,858
184,Hayyim,Hawkins,hhawkins53@jiathis.com,429-678-6728,63 East Plaza,Cigaras,Philippines,4010,786
185,Olivette,Bennitt,obennitt54@columbia.edu,846-148-4011,92776 Tomscot Junction,Nakama,Japan,904-0401,898
186,Inness,Sanchis,isanchis55@biblegateway.com,509-109-9909,1 Maryland Place,Solna,Sweden,169 35,786
187,Mirabella,Raddon,mraddon56@oracle.com,451-259-5499,7 Gina Terrace,Qobu,Azerbaijan,,725
188,Roderigo,Peschke,rpeschke57@tinypic.com,916-697-7795,4 East Alley,Uchimaru,Japan,407-0002,148
189,Rina,Stourton,rstourton58@rediff.com,626-160-6035,62 Meadow Ridge Street,Wenwucao,China,,649
190,Frasier,Whatford,fwhatford59@yale.edu,403-201-3726,77692 Sunbrook Court,Gandra,Portugal,4940-025,924
191,Claus,Aguirrezabal,caguirrezabal5a@github.io,211-760-8168,19681 Farmco Court,Mont-Royal,Canada,H5B,107
192,Wendie,Solan,wsolan5b@businessinsider.com,772-421-4651,98 Macpherson Trail,Rennes,France,35033 CEDEX 9,208
193,Natalina,Durward,ndurward5c@topsy.com,505-682-4541,42193 Eastwood Street,Thị Trấn Bắc Hà,Vietnam,,819
194,Neile,Kiendl,nkiendl5d@yelp.com,806-555-4810,813 Iowa Terrace,Staronizhestebliyevskaya,Russia,606231,957
195,Cristin,Passby,cpassby5e@prnewswire.com,280-156-3768,40 Chinook Drive,Xijiang,China,,75
196,Karil,Eustanch,keustanch5f@ameblo.jp,530-824-4079,21 Pennsylvania Alley,Asahi,Japan,989-2474,528
197,Delinda,Fenny,dfenny5g@goo.gl,918-390-7755,36930 Hagan Court,Dadukou,China,,543
198,Stavros,Cavanaugh,scavanaugh5h@phoca.cz,107-615-6811,8 Heath Pass,Novhorod-Sivers’kyy,Ukraine,,730
199,Deina,Rubinov,drubinov5i@nba.com,835-676-2212,85949 Elka Plaza,Corticeiro de Baixo,Portugal,3070-635,579
200,Ebba,Bradie,ebradie5j@yolasite.com,825-467-7662,393 Norway Maple Center,Popovi,Bosnia and Herzegovina,,223
201,Chaim,O'Monahan,comonahan5k@youtube.com,136-124-5978,0 Kim Junction,Tambawel,Nigeria,,954
202,Jae,Gregorowicz,jgregorowicz5l@squarespace.com,955-648-6213,36 Garrison Hill,Vodnjan,Croatia,52215,962
203,Ricoriki,Vallentin,rvallentin5m@wisc.edu,986-671-7843,79 Meadow Valley Road,Powassan,Canada,E3G,146
204,Kristina,Labon,klabon5n@newyorker.com,217-985-2520,84226 Katie Street,Champaign,United States,61825,803
205,Haydon,Spours,hspours5o@goo.ne.jp,527-523-7830,4230 Susan Junction,Podgórzyn,Poland,58-562,212
206,Chase,Noads,cnoads5p@sciencedirect.com,296-155-5873,66 Northland Plaza,Changjiang,China,,692
207,Bret,Woolfitt,bwoolfitt5q@sogou.com,987-345-1386,51888 Red Cloud Road,Ojiya,Japan,959-2612,589
208,Nathanial,Reditt,nreditt5r@1688.com,383-319-6307,0475 Springview Hill,Lubenia,Poland,36-042,545
209,Jocelyn,Hendrix,jhendrix5s@spotify.com,155-439-7584,66 Old Gate Hill,La Ravoire,France,73494 CEDEX,165
210,Urson,Geldart,ugeldart5t@columbia.edu,448-127-8126,30753 Amoth Road,Santa Rita,Paraguay,,339
211,Marta,Karby,mkarby5u@phpbb.com,447-329-9815,49 Iowa Road,Višňové,Czech Republic,671 38,117
212,Jameson,Laming,jlaming5v@dagondesign.com,130-677-0025,020 Raven Center,Petong,Indonesia,,622
213,Leontyne,Chappelow,lchappelow5w@yahoo.com,738-906-8656,78 Thackeray Lane,Jinjing,China,,644
214,Ynes,Kenwright,ykenwright5x@wufoo.com,848-455-6182,9305 Clemons Alley,Yangdun,China,,964
215,Amy,Sneller,asneller5y@va.gov,831-304-7525,37 Kedzie Crossing,Datian,China,,908
216,Efren,Danels,edanels5z@webnode.com,844-328-2729,64 Anniversary Parkway,Ake-Eze,Nigeria,,657
217,Pincas,Tibbs,ptibbs60@abc.net.au,648-299-7896,6 Bluejay Avenue,Qo’ng’irot Shahri,Uzbekistan,,108
218,Marven,Downs,mdowns61@i2i.jp,516-492-8958,3 Springview Alley,Ungaran,Indonesia,,859
219,Gris,Almack,galmack62@cargocollective.com,560-177-4080,7 Carioca Court,Bendilwungu Lor,Indonesia,,942
220,Byrom,Doldon,bdoldon63@sohu.com,439-637-0930,90908 Dunning Trail,Seremban,Malaysia,71770,402
221,Shannen,Fraczek,sfraczek64@1688.com,842-542-9456,42602 Amoth Crossing,Thoeng,Thailand,57160,763
222,Krystle,Pach,kpach65@arstechnica.com,701-341-3579,525 Vera Street,La Argentina,Colombia,415088,495
223,Ezra,Livick,elivick66@youku.com,473-822-7401,94788 Burrows Park,Skolkovo,Russia,249028,222
224,Kaiser,Chippin,kchippin67@wikia.com,175-511-9836,659 Prairieview Pass,Alicia,Philippines,7040,341
225,Alaster,Cuddehy,acuddehy68@techcrunch.com,379-571-2340,564 Spenser Circle,Krajan Pocangan,Indonesia,,158
226,Had,Fidilis,hfidilis69@odnoklassniki.ru,208-163-1517,609 Oriole Circle,Priboj,Serbia,,305
227,Winifred,Josipovitz,wjosipovitz6a@smugmug.com,969-474-3460,43 Claremont Terrace,Maomiaoji,China,,319
228,Benny,Belward,bbelward6b@netvibes.com,329-887-0058,17808 Anzinger Terrace,Velké Němčice,Czech Republic,691 63,463
229,Maureene,Buttrum,mbuttrum6c@behance.net,640-788-3376,96 Basil Junction,Meylan,France,38944 CEDEX,624
230,Avram,Oslar,aoslar6d@exblog.jp,267-744-6430,5 Rutledge Place,Tromsø,Norway,9270,214
231,Elena,Pinney,epinney6e@furl.net,431-982-0076,1192 Debra Road,Philipsburg,Sint Maarten,,3
232,Darwin,Vardy,dvardy6f@foxnews.com,899-867-3664,4 Dexter Terrace,Tamano,Japan,976-0154,61
233,Van,Clee,vclee6g@chronoengine.com,270-427-6013,687 Merry Road,Yuanyang,China,,570
234,Haze,Casero,hcasero6h@naver.com,186-988-8835,9655 Vahlen Way,Malvern,Jamaica,,209
235,Rozalin,Schumacher,rschumacher6i@wsj.com,197-637-5164,0834 Browning Street,Botshabelo,South Africa,9789,718
236,Louisa,Sloey,lsloey6j@51.la,771-466-7516,058 Vera Parkway,Pu’er,China,,350
237,Katinka,Couling,kcouling6k@geocities.com,335-280-6256,60 Ramsey Court,San Francisco,Costa Rica,10802,59
238,Teirtza,Barnsdall,tbarnsdall6l@wisc.edu,719-620-4672,3375 Holmberg Road,Gobojango,Botswana,,502
239,Anthea,Bozier,abozier6m@delicious.com,888-770-1251,77801 Anderson Lane,Pepayan,Indonesia,,755
240,Netti,Ganley,nganley6n@issuu.com,164-899-7325,857 Grover Drive,Teongtoda,Indonesia,,757
241,Jaine,Heighway,jheighway6o@delicious.com,998-537-2436,51345 Dennis Lane,Huangban,China,,386
242,Willi,Boar,wboar6p@uol.com.br,572-530-9780,40751 Goodland Point,Stepove,Ukraine,,349
243,Peria,Tomik,ptomik6q@npr.org,379-343-4419,8404 Forster Place,Mandaluyong City,Philippines,1699,32
244,Maye,Hulles,mhulles6r@google.com.br,704-916-1252,1 Brentwood Hill,Charlotte,United States,28299,884
245,Robinet,Tallent,rtallent6s@deliciousdays.com,315-684-4246,38 Stoughton Street,Krajan Dua Sumbersari,Indonesia,,115
246,Nelly,Tampin,ntampin6t@bbb.org,322-689-3368,1 Columbus Circle,Alcácer do Sal,Portugal,7580-005,674
247,Pennie,Bailey,pbailey6u@issuu.com,950-277-1648,619 Judy Point,Huyang,China,,917
248,Leticia,Smuth,lsmuth6v@pbs.org,133-823-5271,389 Marcy Point,Guohua,China,,538
249,Ade,Feeham,afeeham6w@lulu.com,944-999-2943,38162 Colorado Alley,Ami,Japan,300-0331,651
250,Derry,Akenhead,dakenhead6x@tumblr.com,308-768-7366,3115 Butterfield Place,Triandría,Greece,,498
251,Izak,Bowart,ibowart6y@4shared.com,477-470-1500,1 Tomscot Trail,Nueva Esperanza,Mexico,29216,830
252,Brod,Faas,bfaas6z@yahoo.com,362-140-0341,320 Warbler Street,Pingtan,China,,626
253,Kenn,Tester,ktester70@google.ru,552-125-0333,78735 Hooker Way,Malitbog,Philippines,8704,52
254,Filippa,MacLure,fmaclure71@amazonaws.com,548-783-8819,35222 Shoshone Point,Dorotea,Sweden,917 32,921
255,Olivero,Haversum,ohaversum72@sohu.com,215-727-5895,8 Maywood Circle,Cẩm Phả Mines,Vietnam,,494
256,Forrest,Roisen,froisen73@photobucket.com,975-242-6142,288 Ridge Oak Road,Vidago,Portugal,5425-305,3
257,Skippy,Lambie,slambie74@cyberchimps.com,851-219-4102,464 Farmco Park,Nueva Requena,Peru,,210
258,Fredia,Thurber,fthurber75@youku.com,943-419-0467,6 Fallview Parkway,Agoncillo,Philippines,4211,490
259,Sidoney,Zeplin,szeplin76@admin.ch,660-458-5883,54517 Jenifer Drive,Sanlanbahai,China,,903
260,Morrie,Pawelec,mpawelec77@topsy.com,493-178-2551,0 Pleasure Way,Bulacan,Philippines,3017,339
261,Silvain,Haughey,shaughey78@statcounter.com,408-454-8816,684 Rowland Hill,Volokonovka,Russia,457151,773
262,Teena,Walder,twalder79@cnet.com,373-895-6665,9796 Twin Pines Lane,Kuantan,Malaysia,25508,822
263,Zorine,Roches,zroches7a@narod.ru,505-748-5250,50095 Sachtjen Street,Taikang,China,,31
264,Roma,Ridulfo,rridulfo7b@statcounter.com,350-232-7810,8 American Ash Center,Camplong,Indonesia,,23
265,Hernando,Dunkerton,hdunkerton7c@google.com,681-481-8481,7740 Green Ridge Drive,Dobrá,Czech Republic,739 51,720
266,Perry,Spanswick,pspanswick7d@t.co,262-421-2647,90 Corben Alley,Koufália,Greece,,388
267,Chanda,Hearns,chearns7e@upenn.edu,519-405-3952,592 Portage Parkway,Cachoeiro de Itapemirim,Brazil,29300-000,613
268,Massimiliano,Revan,mrevan7f@bbc.co.uk,816-921-0707,8117 Onsgard Avenue,Retenggoma,Indonesia,,731
269,Myrta,Alexsandrov,malexsandrov7g@nature.com,775-500-9837,65990 Forest Run Alley,Kertasari,Indonesia,,310
270,Dennie,Flowerden,dflowerden7h@sphinn.com,408-235-2157,461 Kensington Hill,San Jose,United States,95138,153
271,L;urette,Deme,ldeme7i@lycos.com,824-160-0996,5167 Glendale Avenue,Khatsyezhyna,Belarus,,247
272,Lucho,Keat,lkeat7j@businessinsider.com,823-191-8595,7064 Glendale Crossing,Gagnoa,Ivory Coast,,289
273,Miof mela,Ekins,mekins7k@si.edu,743-517-9087,3 Lakewood Gardens Junction,Dianshui,China,,354
274,Augy,Shafe,ashafe7l@theglobeandmail.com,780-943-1642,713 Sycamore Court,Al Manşūrah,Egypt,,731
275,Corenda,Gyver,cgyver7m@istockphoto.com,291-602-6523,10815 Moulton Way,Suvorov,Russia,301439,338
276,Adrien,Shapera,ashapera7n@cnn.com,954-331-5711,181 Ilene Court,Qırmızı Samux,Azerbaijan,,607
277,Georgie,Hookes,ghookes7o@gov.uk,173-448-4052,8430 Del Mar Parkway,Arcossó,Portugal,5425-025,201
278,Josey,Penylton,jpenylton7p@fda.gov,290-312-5790,11873 Dakota Lane,Ambato,Ecuador,,128
279,Orlan,Sivyour,osivyour7q@cornell.edu,205-522-0942,869 Thackeray Center,Ferrol,Philippines,5506,922
280,Olag,Sanchez,osanchez7r@google.com,152-572-5996,9923 Twin Pines Alley,Čair,Macedonia,1040,493
281,Barbaraanne,MacDiarmid,bmacdiarmid7s@nymag.com,435-953-5961,41 Arkansas Trail,Jian’ou,China,,912
282,Ralina,Terbeek,rterbeek7t@about.me,523-518-7876,7429 Loomis Lane,Vinkkilä,Finland,23201,635
283,Gene,Gratrix,ggratrix7u@cyberchimps.com,912-932-3761,23912 Steensland Hill,Vuzenica,Slovenia,2367,84
284,Shannan,Terzo,sterzo7v@mlb.com,859-277-4700,196 Lakewood Way,Jiaoziya,China,,289
285,Dunn,Seaborne,dseaborne7w@nih.gov,311-770-1945,631 Banding Way,Boca Suno,Ecuador,,987
286,Brittni,Nana,bnana7x@naver.com,673-152-7106,27 Warrior Plaza,Uchaly,Russia,665133,901
287,Cassi,Lory,clory7y@theguardian.com,348-428-5726,26951 Larry Avenue,Rustam jo Goth,Pakistan,78051,503
288,Ralph,Meach,rmeach7z@buzzfeed.com,371-246-2129,83822 Anhalt Hill,Rāipur,Bangladesh,3723,976
289,Mirna,Filippozzi,mfilippozzi80@java.com,774-114-6964,641 Garrison Crossing,Labuhankananga,Indonesia,,771
290,Harland,Panchen,hpanchen81@hibu.com,890-805-6733,4 Atwood Pass,Embarcación,Argentina,4550,301
291,Edsel,Turnpenny,eturnpenny82@angelfire.com,189-900-6765,9966 High Crossing Avenue,Lap Lae,Thailand,65160,735
292,Emmie,Verlander,everlander83@bbb.org,233-892-7840,5628 Oak Valley Pass,Molinos,Argentina,4616,708
293,Jelene,Ricards,jricards84@51.la,419-871-5041,6732 Jenna Crossing,Las Flores,Mexico,25290,395
294,Holli,Shiel,hshiel85@upenn.edu,256-158-0384,851 Oak Street,Bukama,Democratic Republic of the Congo,,445
295,Dee dee,Sivior,dsivior86@aboutads.info,641-654-0301,9874 Sullivan Plaza,Riobamba,Ecuador,,126
296,Grace,Loddon,gloddon87@barnesandnoble.com,553-292-8959,433 Susan Alley,Al Qadmūs,Syria,,51
297,Ambros,Thomke,athomke88@opera.com,968-697-7009,1196 Portage Crossing,Tubigan,Philippines,9022,680
298,Colline,Vassel,cvassel89@skyrock.com,739-204-5942,934 Everett Point,Carangola,Brazil,36800-000,480
299,Susanna,Huey,shuey8a@boston.com,830-439-9760,163 Upham Way,Rushankou,China,,55
300,Raviv,Edward,redward8b@shareasale.com,937-232-3091,86 Anthes Drive,Dzhiginka,Russia,356830,803
301,Zarah,Henrych,zhenrych8c@youtu.be,705-930-8011,6160 Miller Way,Богданци,Macedonia,1488,654
302,Tybie,Fitch,tfitch8d@umich.edu,135-807-6400,8 Sheridan Terrace,Kičevo,Macedonia,6262,182
303,Dodie,Vockins,dvockins8e@histats.com,815-552-7369,625 Southridge Hill,Loppi,Finland,12701,414
304,Reiko,Dewberry,rdewberry8f@webmd.com,525-184-2566,5 Scott Crossing,Yezhu,China,,606
305,Pattin,Vasilchikov,pvasilchikov8g@hubpages.com,714-242-7400,6 Esker Street,Alacaygan,Philippines,1212,631
306,Rex,Oakhill,roakhill8h@virginia.edu,467-632-2277,4434 Debs Plaza,Mlalo,Tanzania,,962
307,Marice,Bleby,mbleby8i@reuters.com,695-593-5175,5982 Dahle Trail,Bailu,China,,28
308,Darb,Blesli,dblesli8j@mac.com,595-929-1324,20 Merrick Terrace,Barotac Viejo,Philippines,8611,158
309,Chantalle,Easseby,ceasseby8k@gizmodo.com,597-699-2400,77 Springview Trail,Thanatpin,Myanmar,,425
310,Frederique,Lownsbrough,flownsbrough8l@paginegialle.it,220-229-6389,48 Orin Avenue,Paoua,Central African Republic,,619
311,Travis,Feldmann,tfeldmann8m@nhs.uk,767-228-2212,989 Buena Vista Junction,Huangshapu,China,,519
312,Orren,Lote,olote8n@domainmarket.com,597-996-5086,435 Saint Paul Pass,Sabana Grande de Boyá,Dominican Republic,10136,482
313,Galen,Pallent,gpallent8o@twitter.com,572-184-4861,7 Spohn Court,Ubaté,Colombia,250437,371
314,Rebe,Georger,rgeorger8p@ezinearticles.com,376-314-5390,5504 6th Avenue,Merefa,Ukraine,,28
315,Blaine,Rackam,brackam8q@harvard.edu,357-934-9277,469 Lien Plaza,Voskresenskoye,Russia,606735,5
316,Joelie,Piggen,jpiggen8r@dedecms.com,970-521-0644,918 Lerdahl Circle,Molepolole,Botswana,,799
317,Jaimie,Marquand,jmarquand8s@t-online.de,882-317-2573,5315 Bowman Hill,Peski,Russia,175323,474
318,Darryl,Rozalski,drozalski8t@ft.com,309-660-7522,6268 Dayton Terrace,Reszel,Poland,11-440,996
319,Hewie,Mityashev,hmityashev8u@rediff.com,620-831-3652,9 Mandrake Point,Qishn,Yemen,,952
320,Rhodia,Gaitskill,rgaitskill8v@auda.org.au,666-895-8889,3 South Avenue,Thành Phố Hạ Long,Vietnam,,659
321,Phil,Sleeman,psleeman8w@i2i.jp,413-523-4683,3833 Hansons Lane,Dawusu,China,,494
322,Reeba,Clohessy,rclohessy8x@hugedomains.com,695-716-5342,9473 Waywood Point,Namerikawa,Japan,315-0022,471
323,Charlena,Moxted,cmoxted8y@google.ca,293-482-0465,932 Elmside Hill,Toyokawa,Japan,999-8132,820
324,Merell,Marcos,mmarcos8z@weebly.com,670-332-8695,70 Petterle Court,Pindushi,Russia,186323,766
325,Vonni,Ewence,vewence90@dailymotion.com,502-267-3838,7345 Sachs Lane,Louisville,United States,40205,283
326,Bancroft,Catchpole,bcatchpole91@tinypic.com,902-527-7010,412 Mockingbird Park,Santana do Paraíso,Brazil,35167-000,206
327,Madelon,Illsley,millsley92@marketwatch.com,995-153-0093,88 Dawn Junction,Seka,Thailand,43150,397
328,Casey,Gun,cgun93@chicagotribune.com,583-685-7240,399 Brown Center,Longwy,France,54412 CEDEX,20
329,Lois,Enticknap,lenticknap94@google.co.uk,152-989-8164,4 Ridgeview Court,Changxingbao,China,,561
330,Melesa,Senecaut,msenecaut95@gov.uk,684-366-7588,075 Moose Drive,Satrejan,Indonesia,,877
331,Skylar,Pinck,spinck96@chronoengine.com,398-641-2171,6 Bluestem Way,Babakansari,Indonesia,,695
332,Gerik,Kilmaster,gkilmaster97@sbwire.com,359-269-0516,222 Northport Alley,Nowa Sól,Poland,67-101,816
333,Eziechiele,Churchman,echurchman98@walmart.com,832-118-3135,35976 Browning Trail,El Playón,Colombia,687509,854
334,Michale,Wrey,mwrey99@wufoo.com,153-729-0399,159 Cody Street,Gudja,Malta,GDJ,385
335,Agneta,Rosenau,arosenau9a@ezinearticles.com,167-852-8869,77651 Bay Drive,Zengtian,China,,795
336,Marja,Heineking,mheineking9b@lycos.com,258-220-4941,8221 Kingsford Circle,Hengshui,China,,857
337,Krystalle,Behrendsen,kbehrendsen9c@google.ru,673-718-8356,90 Sugar Parkway,Bator,Indonesia,,234
338,Barnabas,Fearnsides,bfearnsides9d@themeforest.net,772-465-3576,12 Mallory Plaza,Şabbūrah,Syria,,569
339,Shae,Gensavage,sgensavage9e@smh.com.au,630-619-3444,47 Tomscot Trail,Jōetsu,Japan,949-1742,366
340,Gabriella,Prestage,gprestage9f@163.com,271-177-5730,1614 Burrows Point,Paraná,Argentina,3100,309
341,Durante,Dewer,ddewer9g@amazonaws.com,377-247-3907,3 Longview Crossing,Kavieng,Papua New Guinea,,439
342,Lazarus,Allsep,lallsep9h@google.co.jp,723-541-0095,2758 Village Hill,Yangjiaping,China,,19
343,Odelinda,Starie,ostarie9i@comcast.net,813-482-0997,9 Waywood Junction,Tampa,United States,33686,369
344,Isidoro,MacEvilly,imacevilly9j@state.gov,448-891-8061,71093 Everett Hill,Xiaocun,China,,502
345,Mercy,Jursch,mjursch9k@bloglovin.com,516-555-2442,430 Buhler Point,Port Washington,United States,11054,932
346,Jermayne,Thripp,jthripp9l@seattletimes.com,666-363-0878,5800 Shopko Point,Peruc,Czech Republic,439 07,454
347,Lamont,Ganderton,lganderton9m@weibo.com,365-171-4562,7 Moulton Hill,Attard,Malta,ATD,155
348,Prince,Mougel,pmougel9n@bing.com,938-545-6055,2534 Heath Terrace,Fendou,China,,568
349,Maryjo,McGrouther,mmcgrouther9o@ucoz.com,365-499-3162,570 Dryden Lane,Ngrambitan,Indonesia,,217
350,Etheline,Boult,eboult9p@timesonline.co.uk,684-297-5541,21 Sachs Hill,Siteki,Swaziland,,251
351,Bob,McGeraghty,bmcgeraghty9q@tuttocitta.it,823-514-0972,197 Talisman Road,Чегране,Macedonia,1237,842
352,Hanni,Cummine,hcummine9r@ucoz.ru,186-587-9295,820 Washington Circle,Salitrillos,Costa Rica,10607,674
353,Selene,Balderston,sbalderston9s@arstechnica.com,555-200-0301,46 Holy Cross Avenue,Sila Lat,Thailand,36210,92
354,Ilse,Toland,itoland9t@about.com,487-741-6842,136 Moose Lane,Suwaru,Indonesia,,843
355,Jennine,Litherborough,jlitherborough9u@wordpress.com,139-255-7465,603 Nelson Avenue,Muquiyauyo,Peru,,322
356,Willette,Philimore,wphilimore9v@home.pl,702-539-2474,5 Sugar Hill,Holoriang,Indonesia,,183
357,Sabina,Linger,slinger9w@nature.com,470-836-3302,7205 Stone Corner Place,Manna,Indonesia,,658
358,Livvyy,Silburn,lsilburn9x@bbb.org,333-260-1711,59 Kenwood Junction,Nyköping,Sweden,611 24,267
359,Artur,Springer,aspringer9y@devhub.com,958-811-5016,31301 Jackson Point,Zhaocun,China,,124
360,Othilie,Watkiss,owatkiss9z@irs.gov,613-307-4677,24 Barby Crossing,Canchaque,Peru,,46
361,Vallie,Setter,vsettera0@zdnet.com,806-118-6449,728 Rusk Park,Juazeiro do Norte,Brazil,63000-000,476
362,Meredith,Leimster,mleimstera1@hexun.com,187-695-0512,8 Thompson Avenue,Zhouling,China,,451
363,Valdemar,Uccello,vuccelloa2@hatena.ne.jp,155-698-2020,769 Charing Cross Way,Qili,China,,802
364,Gordan,Lakenton,glakentona3@xinhuanet.com,345-513-4420,8667 Warrior Lane,Anuchino,Russia,692311,85
365,Kata,Durgan,kdurgana4@dell.com,271-485-5454,9643 Mendota Court,Capão da Canoa,Brazil,95555-000,855
366,Janaya,Blare,jblarea5@seattletimes.com,660-294-4858,14 Holy Cross Circle,Shunde,China,,515
367,Angelina,Durdy,adurdya6@cdc.gov,142-113-0330,9 Transport Trail,Inyati,Zimbabwe,,948
368,Rees,Hellard,rhellarda7@virginia.edu,340-288-5646,5 Eagle Crest Alley,Magrath,Canada,J7G,321
369,Kenn,Padwick,kpadwicka8@diigo.com,718-524-8741,24029 Ronald Regan Way,Garagoa,Colombia,152867,155
370,Adda,Launder,alaundera9@gov.uk,638-240-8152,3357 Center Lane,Nyagan,Russia,628189,174
371,Giorgia,MacMeekan,gmacmeekanaa@upenn.edu,323-751-0070,64 Arrowood Road,Aygepat,Armenia,,922
372,Gustie,Acres,gacresab@tiny.cc,657-321-3129,23 Miller Park,Cidahu,Indonesia,,792
373,Zacharia,Tremblet,ztrembletac@yelp.com,122-107-2035,83 Northview Hill,Piranshahr,Iran,,927
374,Chico,Paddemore,cpaddemoread@ox.ac.uk,421-888-1837,02744 Arapahoe Drive,Gongchenqiao,China,,783
375,Isidor,Wimmer,iwimmerae@nih.gov,508-443-6124,56 Nancy Way,Dayou,China,,243
376,Siouxie,Webberley,swebberleyaf@w3.org,565-710-7236,0 2nd Circle,Niny,Russia,357906,257
377,Eveleen,Wiz,ewizag@forbes.com,424-230-6709,077 Loomis Parkway,Armopa,Indonesia,,253
378,Meggy,Brookhouse,mbrookhouseah@addthis.com,198-613-9240,6 Fair Oaks Court,Itapetininga,Brazil,18200-000,127
379,Lizette,McLeman,lmclemanai@opensource.org,193-664-2130,112 Tomscot Parkway,Gangba,China,,668
380,Joana,Malshinger,jmalshingeraj@chronoengine.com,751-609-8415,7 Dixon Street,Sokolac,Bosnia and Herzegovina,,832
381,Maurizia,Sterre,msterreak@illinois.edu,393-878-5949,2 Victoria Parkway,Pilpichaca,Peru,,499
382,Mar,Kubatsch,mkubatschal@diigo.com,670-712-8440,29 Shopko Crossing,San Sebastián de Yalí,Nicaragua,,434
383,Kaylyn,Ruffey,kruffeyam@github.com,449-899-1034,36950 Schiller Point,Vannes,France,56902 CEDEX 9,291
384,Hildegarde,Carnelley,hcarnelleyan@constantcontact.com,291-228-2766,36 Nelson Lane,Euclides da Cunha,Brazil,48500-000,817
385,Zahara,Osmar,zosmarao@army.mil,784-931-5212,04522 Kedzie Drive,Miskindzha,Russia,368757,162
386,Ethan,Berrick,eberrickap@nature.com,942-375-1468,7 Carpenter Way,Zerkten,Morocco,,763
387,Jordana,Lettuce,jlettuceaq@dyndns.org,966-674-3879,5500 Meadow Valley Lane,Bonanza,Nicaragua,,836
388,Georgie,Waddell,gwaddellar@github.com,965-363-8718,337 Starling Junction,Burirao,Philippines,9222,150
389,Mersey,Avraham,mavrahamas@nytimes.com,217-922-5939,0 Lake View Hill,Vyborg,Russia,188919,337
390,Rafe,Briskey,rbriskeyat@google.it,562-174-0805,1 Eagan Hill,Whittier,United States,90605,132
391,Sanson,Duckwith,sduckwithau@ucsd.edu,488-440-5518,750 Morningstar Drive,Зуунмод,Mongolia,,356
392,Viva,Awcock,vawcockav@skyrock.com,863-192-9451,9948 Clemons Trail,Klášter,Czech Republic,582 83,695
393,Olga,Justun,ojustunaw@ebay.com,853-582-3851,11 Del Sol Junction,Bajing,China,,556
394,Trevor,Dron,tdronax@homestead.com,506-655-9057,5 Bowman Center,Banjar Medura,Indonesia,,910
395,Andonis,Oldam,aoldamay@hubpages.com,396-438-7721,0721 Vernon Avenue,Tianzhou,China,,167
396,Lurline,Drable,ldrableaz@globo.com,943-945-5590,7 Atwood Junction,Dimitrovgrad,Serbia,,496
397,Jorey,Staines,jstainesb0@umich.edu,803-451-5135,10 Roth Street,Yihe,China,,34
398,Harcourt,Taaffe,htaaffeb1@youku.com,111-914-2493,1 Birchwood Crossing,Monte,Portugal,3870-123,897
399,Garrik,Pilley,gpilleyb2@princeton.edu,176-662-2447,041 Troy Crossing,Punta de Bombón,Peru,,475
400,Filia,Fairbeard,ffairbeardb3@sciencedirect.com,805-724-3740,55256 Golden Leaf Place,Piripiri,Brazil,64260-000,515
401,Karlee,Fehners,kfehnersb4@tamu.edu,263-800-6198,702 Helena Street,Valparaíso,Chile,,505
402,Alfred,Eydel,aeydelb5@mapy.cz,396-722-2847,6729 Delladonna Street,Ningdun,China,,806
403,Gabriel,Galbreth,ggalbrethb6@huffingtonpost.com,372-342-4169,55 Mariners Cove Pass,Néa Éfesos,Greece,,755
404,Jolee,Salamon,jsalamonb7@google.nl,831-554-1523,6 Eagle Crest Alley,Baytīn,Palestinian Territory,,787
405,Abrahan,Crosston,acrosstonb8@163.com,928-579-8531,17 Del Sol Terrace,Kosong,South Korea,,784
406,Hastings,Maggill'Andreis,hmaggillandreisb9@hhs.gov,962-720-6846,075 New Castle Road,Hamburg,Germany,22453,455
407,Ody,Peyes,opeyesba@yale.edu,570-509-0871,1 Lyons Drive,Krasnoarmeysk,Russia,141292,677
408,Cynthia,Morsey,cmorseybb@tmall.com,435-303-0348,48 Fisk Point,Nesebar,Bulgaria,8217,457
409,Geoffry,Leffek,gleffekbc@youtu.be,692-453-7765,520 Trailsway Alley,Takamatsu-shi,Japan,769-0105,305
410,Frants,Biggadyke,fbiggadykebd@virginia.edu,711-834-7794,4 Burning Wood Plaza,Nova Odesa,Ukraine,,879
411,Richie,Cristofari,rcristofaribe@squarespace.com,378-801-0295,38 Ohio Road,Hetou,China,,36
412,Glenn,Leyre,gleyrebf@pagesperso-orange.fr,502-943-1553,26 Little Fleur Junction,Ocongate,Peru,,605
413,Laural,Obell,lobellbg@artisteer.com,660-856-8738,15 Dawn Crossing,Krajansumbermujur,Indonesia,,833
414,Axel,Nester,anesterbh@edublogs.org,136-306-0625,0 Gateway Crossing,Lgota Wielka,Poland,97-565,370
415,Susie,McInnes,smcinnesbi@nhs.uk,750-278-9982,9217 Rowland Hill,Pacajus,Brazil,62870-000,492
416,Cornie,Keig,ckeigbj@printfriendly.com,492-568-4521,66 Carberry Road,Kipit,Philippines,1101,34
417,Sax,Schorah,sschorahbk@shareasale.com,125-452-7335,5696 Alpine Circle,Espérance Trébuchet,Mauritius,,47
418,Carine,Mullany,cmullanybl@ft.com,583-272-1713,33607 Sachtjen Parkway,Nanterre,France,92024 CEDEX,218
419,Martguerita,Lamdin,mlamdinbm@parallels.com,915-485-2461,27 Lien Trail,Suizhong,China,,655
420,Gothart,Bussy,gbussybn@unc.edu,480-959-9364,0 Esker Court,Jalālpur,Pakistan,50781,35
421,Maxim,Deary,mdearybo@nsw.gov.au,806-823-9953,5 Kim Lane,Tiadiaye,Senegal,,509
422,Eldridge,Proudlock,eproudlockbp@yale.edu,682-249-9152,4160 Knutson Court,Xiashuitou,China,,238
423,Byran,Eyres,beyresbq@themeforest.net,852-353-0788,86270 Schurz Trail,Jiangnan,China,,514
424,Odetta,Edelheid,oedelheidbr@walmart.com,758-511-0565,0142 Northfield Court,Talldaww,Syria,,564
425,Ester,Pettigree,epettigreebs@soup.io,741-808-5778,284 Jay Drive,Grenoble,France,38035 CEDEX 2,914
426,Enriqueta,Frostick,efrostickbt@cornell.edu,672-258-7911,32 Monica Trail,Paris 13,France,75638 CEDEX 13,52
427,Enrica,Sevitt,esevittbu@macromedia.com,852-541-0079,85454 Waubesa Terrace,Ubon Ratchathani,Thailand,67150,595
428,Nat,Showte,nshowtebv@tinyurl.com,984-843-4799,036 Farwell Park,Lyon,France,69395 CEDEX 03,548
429,Barry,Mickleburgh,bmickleburghbw@fc2.com,641-605-2688,51711 Nelson Terrace,Zhaoqing,China,,388
430,Ariana,Frandsen,afrandsenbx@umn.edu,842-999-8098,717 Jenifer Junction,Alvito de São Pedro,Portugal,4750-084,935
431,Dana,Okenden,dokendenby@mapy.cz,701-337-8293,063 Heath Drive,Marogong,Philippines,9303,708
432,Ree,Steele,rsteelebz@netvibes.com,141-716-2699,7 Orin Center,Nasavrky,Czech Republic,565 01,74
433,Kelsi,Gallaher,kgallaherc0@apple.com,441-626-7589,62 Kedzie Trail,Ivyanyets,Belarus,,654
434,Dean,Estrella,destrellac1@reddit.com,174-190-9881,88 Daystar Way,Bandarlampung,Indonesia,,464
435,Rustie,Cayley,rcayleyc2@wikimedia.org,266-414-0246,9 Butternut Court,Maputi,Philippines,9024,47
436,Fayth,Cleminson,fcleminsonc3@telegraph.co.uk,827-815-1940,9325 Arrowood Place,San Miguel,Mexico,30560,688
437,Katalin,Tabor,ktaborc4@prnewswire.com,971-800-6905,27 Hagan Point,Kalungu,Uganda,,655
438,Rosemarie,Rimes,rrimesc5@craigslist.org,288-206-8788,59727 Quincy Center,Barreiros,Brazil,55560-000,276
439,Norry,Pickerill,npickerillc6@mit.edu,503-799-2758,803 Debra Hill,Sharga,Mongolia,,566
440,Donnie,Maudson,dmaudsonc7@macromedia.com,456-609-3922,0660 Nancy Parkway,San Marcos,El Salvador,,443
441,Guillema,Ascrofte,gascroftec8@msu.edu,385-777-6965,6167 Harper Trail,Viesīte,Latvia,,218
442,Florencia,Ubach,fubachc9@princeton.edu,231-981-7506,5270 Hagan Avenue,Navatat,Philippines,0905,709
443,Cherlyn,Bolt,cboltca@sina.com.cn,864-802-2647,47 Manufacturers Place,Reshui,China,,918
444,Lissi,Le Strange,llestrangecb@ed.gov,604-983-4975,34698 Killdeer Circle,Binafun,Indonesia,,755
445,Krystle,Connelly,kconnellycc@google.co.jp,853-306-2371,5565 Lindbergh Park,Pringu,Indonesia,,766
446,Arel,Almack,aalmackcd@privacy.gov.au,756-104-4520,723 Riverside Place,Novoaleksandrovsk,Russia,356003,513
447,Graehme,Boyack,gboyackce@topsy.com,904-883-0614,326 Grim Lane,Rožna Dolina,Slovenia,5297,552
448,Dorine,MacKerley,dmackerleycf@macromedia.com,532-419-4181,26 Graedel Crossing,Río Grande,Dominican Republic,10411,544
449,Addia,Frackiewicz,afrackiewiczcg@redcross.org,542-381-4508,5 Hanover Court,Pinhal General,Portugal,2865-193,731
450,Fletch,Giannoni,fgiannonich@icq.com,771-972-4022,8 Oak Valley Circle,Karak City,Jordan,,340
451,Steffi,Grundon,sgrundonci@gmpg.org,351-790-1543,110 Mccormick Circle,Telbang,Philippines,6328,156
452,Heloise,Upston,hupstoncj@cisco.com,909-461-2758,5 Atwood Avenue,Dongchuan,China,,319
453,Hamid,Fewlass,hfewlassck@webnode.com,219-599-6749,11947 Golf Course Drive,Pedro García,Dominican Republic,11604,110
454,Rabbi,Dyerson,rdyersoncl@cafepress.com,278-688-2284,14909 Sage Crossing,Zmeyskaya,Russia,363621,47
455,Anson,Duiguid,aduiguidcm@pbs.org,505-670-5826,83481 Oriole Circle,Horad Pinsk,Belarus,,361
456,Joel,Mandeville,jmandevillecn@go.com,767-335-2625,348 Anzinger Point,Chikeng,China,,865
457,Tamara,Cornbill,tcornbillco@howstuffworks.com,878-207-8376,48 Glendale Hill,Shanling,China,,460
458,Sander,Studman,sstudmancp@flavors.me,176-677-5593,53391 Bashford Terrace,Tonoas Municipal Building,Micronesia,,361
459,Massimiliano,Leal,mlealcq@howstuffworks.com,486-319-5504,8 Harper Circle,Dapchi,Nigeria,,564
460,Flemming,Severy,fseverycr@jugem.jp,819-469-4210,38018 Golden Leaf Point,Taubaté,Brazil,12000-000,128
461,Bianca,Jemison,bjemisoncs@vistaprint.com,100-839-9578,8795 Ronald Regan Court,Bagroy,Philippines,5309,582
462,Oliy,Blythin,oblythinct@ning.com,583-198-3090,30 Florence Hill,Eixo,Portugal,3800-766,643
463,Mitch,Figgins,mfigginscu@t.co,913-419-5673,0 Judy Place,Włocławek,Poland,87-822,207
464,Korella,Gaine of England,kgaineofenglandcv@ustream.tv,663-117-4745,2 Hauk Avenue,Oslo,Norway,0280,986
465,Skippie,Dibsdale,sdibsdalecw@yelp.com,944-779-5990,22 Fuller Alley,Fujisawa,Japan,997-0751,210
466,Ina,Michal,imichalcx@skype.com,334-945-1336,44454 Birchwood Junction,Correntina,Brazil,47650-000,503
467,Cicily,Glawsop,cglawsopcy@bbc.co.uk,518-950-7427,0 Barnett Avenue,Yueyang,China,,439
468,Gregory,Matusiak,gmatusiakcz@w3.org,397-297-9678,65462 Pawling Alley,Jabon,Indonesia,,323
469,Jerrilyn,Mc Faul,jmcfauld0@aol.com,404-275-2040,2 Mcguire Alley,Atlanta,United States,31136,103
470,Dinah,Grimmett,dgrimmettd1@narod.ru,769-809-7202,69 East Park,Sawankhalok,Thailand,64110,987
471,Edvard,Barkess,ebarkessd2@dedecms.com,879-346-5041,59 Susan Plaza,Balibago,Philippines,6006,245
472,Dietrich,Leither,dleitherd3@jigsy.com,175-147-8814,66 Lukken Pass,La Escondida,Mexico,64650,576
473,Davita,Sumers,dsumersd4@comcast.net,462-475-7509,9043 Rigney Alley,Balbagay,China,,236
474,Wilhelmine,Kharchinski,wkharchinskid5@rakuten.co.jp,418-197-1281,64 Pawling Alley,Villach,Austria,9580,288
475,Hermione,Cutsforth,hcutsforthd6@google.com.au,247-390-0540,9 Mallory Lane,Targuist,Morocco,,359
476,Delcina,Brockbank,dbrockbankd7@craigslist.org,134-310-1405,104 Arkansas Crossing,Looc,Philippines,5507,239
477,Giselle,Somerled,gsomerledd8@globo.com,885-114-5261,79046 Reindahl Court,Can-Avid,Philippines,6806,366
478,Gifford,Wernher,gwernherd9@ucsd.edu,421-240-7507,7431 Pearson Place,Fukuyama,Japan,999-8241,539
479,Lay,Gheorghie,lgheorghieda@skype.com,374-109-2359,629 Fair Oaks Point,Sandviken,Sweden,811 53,718
480,Pate,Connelly,pconnellydb@java.com,689-179-5006,38 Nobel Parkway,Gardēz,Afghanistan,,922
481,Lotta,Dunlop,ldunlopdc@businesswire.com,852-221-1597,6375 Grover Hill,Gading,Indonesia,,945
482,Bee,Haresign,bharesigndd@springer.com,395-499-9641,3 Oneill Terrace,Grudë-Fushë,Albania,,579
483,Katrinka,Garric,kgarricde@aol.com,464-977-3190,0644 Iowa Center,Apodi,Brazil,59700-000,481
484,Ware,Alcalde,walcaldedf@lycos.com,794-750-6743,79496 Graedel Point,Soubré,Ivory Coast,,956
485,Tami,Bastian,tbastiandg@newsvine.com,822-402-6601,6139 Vahlen Circle,Krajan Dua Sumbersari,Indonesia,,927
486,Bobby,Somner,bsomnerdh@cisco.com,329-365-2094,37809 Kings Drive,Bastia,France,20403 CEDEX,562
487,Benjamen,Sharrem,bsharremdi@disqus.com,969-334-1828,715 Kedzie Way,Telbang,Philippines,6328,828
488,Cissy,Titley,ctitleydj@thetimes.co.uk,866-616-8421,30179 Anthes Circle,Nanga Eboko,Cameroon,,149
489,Antonietta,Ygo,aygodk@ucoz.ru,730-308-0312,4055 Memorial Point,Omoa,Honduras,,94
490,Babbette,Scotchmore,bscotchmoredl@amazon.de,282-222-3280,81400 Donald Circle,Huxingshan,China,,406
491,Fanni,Schaumann,fschaumanndm@feedburner.com,699-552-5549,8117 Main Place,Kambing,Philippines,4430,509
492,Emelda,Nelthrop,enelthropdn@netvibes.com,763-978-6004,489 Meadow Ridge Junction,Vilarelho,Portugal,4910-597,269
493,Wendie,Havesides,whavesidesdo@slideshare.net,604-132-5552,4 Westport Circle,Sekampung,Indonesia,,749
494,Tess,O' Driscoll,todriscolldp@histats.com,586-136-5420,466 Carioca Pass,Łagów,Poland,66-220,129
495,Hartwell,Critcher,hcritcherdq@sina.com.cn,147-121-2124,1101 Grasskamp Road,Mainri,China,,691
496,Julissa,Kindley,jkindleydr@squarespace.com,319-443-8780,69962 Evergreen Park,Cedar Rapids,United States,52405,581
497,Kelley,Shoebrook,kshoebrookds@surveymonkey.com,315-196-1456,903 Jana Parkway,Saint-Priest-en-Jarez,France,42275 CEDEX,383
498,Lissie,Arrandale,larrandaledt@europa.eu,188-437-5980,63 David Center,Noemuti,Indonesia,,189
499,Rene,Renzullo,rrenzullodu@networksolutions.com,762-615-9667,2 Goodland Circle,Puerto Morazán,Nicaragua,,26
500,Clemence,Yeell,cyeelldv@parallels.com,300-645-0931,3788 Thierer Street,Novo Hamburgo,Brazil,93300-000,134
501,Pedro,Whenman,pwhenmandw@amazon.co.uk,995-962-4170,7 Aberg Pass,Berlin,Germany,12103,359
502,Berny,Peche,bpechedx@indiatimes.com,935-953-3922,389 Becker Avenue,São Gonçalo do Amarante,Brazil,59290-000,345
503,Jorie,Spilsted,jspilsteddy@seattletimes.com,237-203-5967,7 Macpherson Terrace,Lukhovka,Russia,450075,552
504,Giordano,McPhillimey,gmcphillimeydz@ask.com,495-737-2602,449 Duke Place,Plewiska,Poland,62-056,863
505,Biddie,Matthesius,bmatthesiuse0@geocities.jp,228-304-4983,1 Fremont Road,Biloxi,United States,39534,22
506,Renie,Conlaund,rconlaunde1@elegantthemes.com,116-221-0635,6 Pierstorff Road,Phong Điền,Vietnam,,422
507,Rayshell,Harriman,rharrimane2@tripadvisor.com,172-841-1652,14859 Linden Parkway,Banān,Syria,,107
508,Marybelle,Teese,mteesee3@behance.net,316-392-9601,51 Ludington Hill,Fengjia,China,,716
509,Vinni,Brinkler,vbrinklere4@google.it,310-105-8475,6 Debs Park,Santa Monica,United States,90410,940
510,Jermaine,Mc Cahey,jmccaheye5@cbsnews.com,432-720-0711,06 Fuller Park,Pedroso,Portugal,4415-092,515
511,Happy,Sales,hsalese6@craigslist.org,959-608-7972,556 Dahle Plaza,Qŭrghontepa,Uzbekistan,,712
512,Radcliffe,Rickesies,rrickesiese7@diigo.com,182-615-4202,5 Grim Drive,Riđica,Serbia,,511
513,Fancy,Blundan,fblundane8@google.de,660-209-4055,1819 5th Alley,Grenoble,France,38816 CEDEX 1,482
514,Barrie,Edelheid,bedelheide9@webeden.co.uk,379-264-0188,5 Michigan Lane,Nova Friburgo,Brazil,28600-000,728
515,Tani,Jachimiak,tjachimiakea@fotki.com,728-188-1981,7 Aberg Plaza,Pushkinskiye Gory,Russia,181370,396
516,Misha,Stollmeyer,mstollmeyereb@va.gov,530-127-3106,3236 Rieder Park,Mora,Sweden,792 52,667
517,Bennie,Cooney,bcooneyec@photobucket.com,139-433-3171,81791 Dennis Terrace,Kaa-Khem,Russia,667901,389
518,Kerianne,Fearnside,kfearnsideed@domainmarket.com,577-407-0426,19426 Springview Crossing,Chenghe,China,,595
519,Cammi,Torres,ctorresee@mysql.com,757-916-3612,011 Rowland Parkway,Amaury,Mauritius,,31
520,Lief,Mauro,lmauroef@google.co.uk,565-288-5099,29162 Rieder Terrace,Lohayong,Indonesia,,840
521,Kimmy,Swift,kswifteg@edublogs.org,871-746-5074,82 Oriole Parkway,Niimi,Japan,718-0011,599
522,Adelice,Woodall,awoodalleh@networkadvertising.org,549-303-0436,4435 Pawling Junction,Sheffield,United Kingdom,S1,530
523,Mose,Abba,mabbaei@webeden.co.uk,673-688-6358,8059 Morrow Drive,Zhangzhen,China,,755
524,Karly,Hurle,khurleej@opensource.org,640-869-5996,212 Jay Parkway,Caticugan,Philippines,6219,349
525,Ethelyn,Riseborough,eriseboroughek@sciencedaily.com,692-675-0209,66 Acker Avenue,Toulon,France,83040 CEDEX 9,839
526,Angie,Dy,adyel@mozilla.org,841-384-8807,3 Northport Point,Altan Emel,China,,999
527,Domenico,Petford,dpetfordem@time.com,565-642-8156,0920 Prentice Hill,Glinojeck,Poland,06-450,836
528,Kip,Galway,kgalwayen@163.com,179-151-6926,6 Mariners Cove Park,Sloboda,Russia,397743,17
529,Leroy,Brickell,lbrickelleo@merriam-webster.com,266-906-3052,95 Blue Bill Park Court,San Bernardino,Paraguay,,79
530,Delmor,Coxall,dcoxallep@tumblr.com,337-688-7002,70 Blackbird Road,Chengguan,China,,700
531,Jackqueline,Veevers,jveeverseq@buzzfeed.com,779-580-0426,0 Roth Alley,Boé,France,47555 CEDEX,242
532,Eloise,Jako,ejakoer@merriam-webster.com,412-115-7602,760 Bonner Court,Shaoxing,China,,711
533,Fabian,Skyrm,fskyrmes@dion.ne.jp,725-459-2671,6920 Artisan Terrace,Monastyryshche,Ukraine,,153
534,Inglebert,Clough,icloughet@seattletimes.com,597-710-2243,7 Fordem Street,Wang Sombun,Thailand,27250,775
535,Cassi,Lansdown,clansdowneu@theglobeandmail.com,136-644-4067,9641 Saint Paul Court,Plaju,Indonesia,,242
536,Reiko,Mattioni,rmattioniev@shareasale.com,513-115-3369,68124 Orin Trail,Cincinnati,United States,45228,948
537,Harp,Abrahamsohn,habrahamsohnew@eventbrite.com,765-553-7953,7 Hintze Circle,Ávato,Greece,,677
538,Giffie,MacKay,gmackayex@google.ru,610-311-1123,3 Fuller Avenue,Takamatsu-shi,Japan,769-0105,569
539,Regina,Chasemore,rchasemoreey@discuz.net,364-877-1352,5 Chive Junction,Bourges,France,18035 CEDEX,392
540,Kristos,Cregg,kcreggez@360.cn,328-442-0912,1 Stone Corner Hill,Tafeng,China,,539
541,Katuscha,Lemanu,klemanuf0@shareasale.com,957-252-9210,1 Tomscot Place,Yurovka,Russia,353426,250
542,Abraham,Wythe,awythef1@jimdo.com,421-422-2869,73 Gale Center,Veshnyaki,Russia,303812,987
543,Henry,Hug,hhugf2@dot.gov,132-826-0832,46643 Ryan Hill,Xinyi,China,,142
544,Yance,Manlow,ymanlowf3@phoca.cz,483-941-5528,141 Ryan Park,Vaudreuil-Dorion,Canada,J7W,676
545,Marion,FitzGeorge,mfitzgeorgef4@clickbank.net,478-800-6288,326 Kropf Road,Ajaccio,France,20311 CEDEX 1,358
546,Kilian,Harse,kharsef5@nps.gov,495-815-6718,000 Emmet Pass,Silodakon,Indonesia,,117
547,Cort,Messum,cmessumf6@foxnews.com,767-383-9168,76544 Judy Road,Gorno-Altaysk,Russia,140317,860
548,Ermentrude,MacPaik,emacpaikf7@ezinearticles.com,148-462-2086,67914 Brickson Park Pass,Söderköping,Sweden,614 31,460
549,Brennen,Tremble,btremblef8@liveinternet.ru,127-386-5713,600 Havey Terrace,Inuotose,Japan,270-1108,82
550,Kelsy,Nassy,knassyf9@linkedin.com,601-768-4732,6530 Ohio Drive,Zmiennica,Poland,36-212,512
551,Elita,Thurstan,ethurstanfa@oakley.com,520-508-4868,9 Mitchell Park,Tucson,United States,85754,640
552,Rhiamon,Schrader,rschraderfb@1und1.de,320-376-8557,738 Charing Cross Pass,Saint Cloud,United States,56372,992
553,Bone,Peele,bpeelefc@ucoz.ru,545-820-2467,685 Macpherson Place,Cafe,Philippines,5516,570
554,Giavani,Iban,gibanfd@liveinternet.ru,360-400-8825,1972 Westridge Center,Tsukawaki,Japan,879-4413,290
555,Pavlov,Tubb,ptubbfe@nbcnews.com,246-290-9314,69895 Debs Junction,Žabljak,Montenegro,,436
556,Torry,Privett,tprivettff@arizona.edu,835-211-0787,77229 Stephen Parkway,Babakanbandung,Indonesia,,39
557,Bailie,Gomby,bgombyfg@sogou.com,579-837-6519,532 Quincy Plaza,Primero de Enero,Cuba,,172
558,Meredithe,Poel,mpoelfh@reference.com,634-524-7294,09 Gina Street,Basista,Philippines,2422,422
559,Rebeca,Luten,rlutenfi@google.com.au,635-603-6789,6 Park Meadow Hill,Guihing Proper,Philippines,8006,791
560,Allix,Dixey,adixeyfj@sciencedaily.com,989-755-1324,63 Oxford Center,Daji,China,,53
561,Chiquia,Houlahan,choulahanfk@behance.net,844-473-9530,0 Arkansas Lane,Babakan Baru,Indonesia,,212
562,Wilmar,Bosward,wboswardfl@printfriendly.com,301-824-9386,83628 Nelson Way,Zelenodolsk,Russia,422549,333
563,Kathleen,Awty,kawtyfm@tinypic.com,294-707-0692,3 Old Shore Pass,Sujiatuo,China,,745
564,Edgard,Blowick,eblowickfn@newyorker.com,408-515-1643,9 Duke Lane,San Jose,United States,95123,452
565,Vinnie,Dinneen,vdinneenfo@harvard.edu,289-535-7857,0 Linden Pass,Giade,Nigeria,,781
566,Caresa,Henrique,chenriquefp@1688.com,146-813-3569,3437 Eggendart Terrace,Hilotongan,Philippines,3201,296
567,Grange,Leblanc,gleblancfq@alibaba.com,225-887-8017,911 Marcy Place,Changshu City,China,,413
568,Emlynn,Castan,ecastanfr@newyorker.com,842-706-1877,0232 Elgar Hill,Nāḩiyat as Sab‘ Biyār,Syria,,930
569,Yanaton,Bywaters,ybywatersfs@goodreads.com,988-674-8258,9857 Fairview Center,Działdowo,Poland,13-210,374
570,Magda,Gutcher,mgutcherft@mediafire.com,555-536-1613,4758 Pleasure Place,Digne-les-Bains,France,04990 CEDEX 9,794
571,Nikolas,Pilbeam,npilbeamfu@quantcast.com,674-285-2657,2 Larry Terrace,San Esteban,Honduras,,905
572,Linc,Antalffy,lantalffyfv@vk.com,807-892-2469,894 Stuart Lane,Cambas,Portugal,6185-175,532
573,Moises,Gianulli,mgianullifw@hc360.com,944-989-3580,33 Eastwood Park,Breves,Brazil,68800-000,254
574,Ailyn,O'Cridigan,aocridiganfx@posterous.com,712-634-3318,2488 Coleman Drive,Sibbo,Finland,61110,329
575,Leroy,Czyz,lczyzfy@dion.ne.jp,676-948-1841,27 Basil Terrace,Waihai,China,,649
576,Sue,Napolione,snapolionefz@columbia.edu,235-467-1476,3963 Stang Hill,Quilo-quilo,Philippines,4224,662
577,Dulsea,Starkey,dstarkeyg0@livejournal.com,172-474-1892,4854 Nova Place,Shadui,China,,150
578,Cherish,Pedican,cpedicang1@e-recht24.de,742-375-2454,41 Mosinee Circle,Tsukawaki,Japan,879-4413,984
579,Son,Banfield,sbanfieldg2@ocn.ne.jp,473-339-7283,13 Lien Court,Sholokhove,Ukraine,,248
580,Katuscha,Smedley,ksmedleyg3@princeton.edu,271-289-4787,950 Mandrake Parkway,Baddomalhi,Pakistan,22501,239
581,Basil,Piletic,bpileticg4@friendfeed.com,284-950-6164,459 Glacier Hill Road,Stockholm,Sweden,116 23,205
582,Niall,Gogerty,ngogertyg5@infoseek.co.jp,435-942-7770,01 Dexter Crossing,Alofi,Niue,,787
583,Dolley,Killeley,dkilleleyg6@slate.com,420-623-2967,4 Hoard Parkway,Yantak,China,,445
584,Dorette,Thonger,dthongerg7@usgs.gov,774-371-1639,627 Clarendon Circle,Ampanihy,Madagascar,,57
585,Shanta,Cumming,scummingg8@techcrunch.com,103-190-7647,8435 Butterfield Center,Fort Smith,Canada,L4S,20
586,Anne-marie,Player,aplayerg9@upenn.edu,730-767-4931,4 Nelson Place,Huipinggeng,China,,324
587,Arda,Veltmann,aveltmannga@comcast.net,469-775-4884,6 Rusk Court,Mranggen,Indonesia,,359
588,Elvyn,Overbury,eoverburygb@newyorker.com,181-568-7437,7092 Gerald Street,Jessore,Bangladesh,9413,395
589,Bertie,Clougher,bcloughergc@meetup.com,705-875-7612,2 Vahlen Way,Gujun,China,,323
590,Preston,Owlner,powlnergd@t.co,259-902-8353,083 7th Junction,La Tuque,Canada,G9X,500
591,Willey,Gabriel,wgabrielge@sitemeter.com,235-306-5999,1160 Manufacturers Street,Donostia-San Sebastian,Spain,20005,280
592,Putnam,Bellow,pbellowgf@woothemes.com,645-168-2761,24 Cordelia Drive,Watublapi,Indonesia,,971
593,Chickie,Hopewell,chopewellgg@yolasite.com,310-344-8413,9945 Hansons Avenue,Sājūr,Israel,,355
594,Husain,Kerwood,hkerwoodgh@instagram.com,895-216-5847,569 Florence Way,Yazman,Pakistan,63210,743
595,Klaus,Manston,kmanstongi@biblegateway.com,242-356-0321,485 Truax Street,Comapa,Guatemala,22011,720
596,Normie,Lineen,nlineengj@webeden.co.uk,640-659-0638,603 Butterfield Point,Oslo,Norway,0492,590
597,Petey,Troucher,ptrouchergk@mysql.com,281-332-8157,0 Truax Court,Houston,United States,77090,127
598,Lyman,Corwood,lcorwoodgl@wikia.com,771-315-7930,5 New Castle Road,Huangzhou,China,,830
599,Pen,Behnke,pbehnkegm@google.co.uk,473-827-8101,77518 Almo Place,Yên Lập,Vietnam,,412
600,Caty,Balk,cbalkgn@usa.gov,181-728-7443,516 Forest Run Center,Camagüey,Cuba,,253
601,Nannette,Linn,nlinngo@fc2.com,415-727-9279,178 Nova Place,Bangunsari,Indonesia,,633
602,Herculie,Limeburner,hlimeburnergp@google.nl,605-568-2251,54 Schmedeman Pass,Néa Manolás,Greece,,946
603,Marlow,Syce,msycegq@google.com.hk,482-884-3078,34260 Evergreen Center,Murree,Pakistan,47214,803
604,Peg,Leicester,pleicestergr@sakura.ne.jp,478-261-6578,05 Sycamore Plaza,Bukowiec,Poland,86-122,822
605,Gaynor,Bagley,gbagleygs@google.fr,624-111-9832,109 Lerdahl Park,Descalvado,Brazil,13690-000,935
606,Belle,Collymore,bcollymoregt@pinterest.com,917-798-7601,47870 Westend Circle,Danglang Hudong,China,,568
607,Larina,Glasscock,lglasscockgu@plala.or.jp,488-343-1301,974 Brentwood Court,Baculongan,Philippines,1275,933
608,Avrit,Colledge,acolledgegv@unesco.org,366-149-7428,1 Westerfield Crossing,Kiloloran,Philippines,1535,589
609,Tamiko,Giveen,tgiveengw@gmpg.org,189-698-6997,32674 Loomis Terrace,Mengcheng Chengguanzhen,China,,26
610,Jyoti,Rannigan,jrannigangx@webnode.com,601-488-0961,847 Namekagon Crossing,Nangang,China,,110
611,See,Chartres,schartresgy@stanford.edu,550-147-6406,3 Merry Plaza,Tenkodogo,Burkina Faso,,450
612,Berna,Frarey,bfrareygz@chron.com,263-618-6827,8775 Thompson Junction,Kihangara,Tanzania,,171
613,Ivie,Buxey,ibuxeyh0@virginia.edu,501-301-2104,97686 Roth Place,Chavão,Portugal,4775-074,849
614,Joseito,Janak,jjanakh1@bigcartel.com,742-843-8931,63478 Crescent Oaks Road,Outjo,Namibia,,803
615,Gawain,Olsson,golssonh2@home.pl,935-635-2795,3725 New Castle Place,Dębica,Poland,39-210,673
616,Cal,Northley,cnorthleyh3@biglobe.ne.jp,792-672-1633,141 Corry Plaza,Sumberdadi,Indonesia,,216
617,Dena,Maddick,dmaddickh4@imgur.com,186-894-6265,71 Arrowood Park,Xinning,China,,890
618,Aimil,Arnaudin,aarnaudinh5@apache.org,876-984-7449,70183 Doe Crossing Drive,Vareš,Bosnia and Herzegovina,,692
619,Ivan,Godsell,igodsellh6@hugedomains.com,389-908-9036,4 Esch Court,Bamnet Narong,Thailand,36160,570
620,Nye,Thominga,nthomingah7@nih.gov,506-946-5449,50 Hansons Trail,Pashkovskiy,Russia,385228,211
621,Friederike,Molian,fmolianh8@themeforest.net,650-533-0396,04970 Tennyson Circle,Pulau Pinang,Malaysia,10550,984
622,Travis,Clashe,tclasheh9@gravatar.com,530-272-7303,71437 Roxbury Place,Maslovka,Russia,394077,693
623,Glyn,Kiffe,gkiffeha@redcross.org,478-385-5485,4973 Everett Point,Xique Xique,Brazil,93950-000,124
624,Enriqueta,Ferrari,eferrarihb@wunderground.com,539-118-9993,720 Armistice Crossing,Zhouxi,China,,462
625,Tiphanie,Ivakin,tivakinhc@sun.com,936-494-3726,569 Springview Alley,Yotsukaidō,Japan,298-0025,176
626,Dolph,Brightey,dbrighteyhd@typepad.com,288-131-4773,36 Morningstar Alley,Muleng,China,,175
627,Eleonore,Renoden,erenodenhe@mac.com,430-585-7194,51 Derek Center,Åtvidaberg,Sweden,597 50,500
628,Meade,Watkiss,mwatkisshf@columbia.edu,404-369-4639,06 Brown Pass,Datian,China,,665
629,Abra,Aland,aalandhg@spotify.com,116-588-4294,9 Farragut Way,Paradyż,Poland,26-333,61
630,Loren,Mibourne,lmibournehh@blogs.com,745-523-7911,134 Meadow Ridge Drive,Binalonan,Philippines,2436,880
631,Addi,Childerhouse,achilderhousehi@twitpic.com,500-365-0154,09 Texas Circle,Kopen,Indonesia,,430
632,Krishna,Tulk,ktulkhj@seesaa.net,529-120-7793,904 Morningstar Way,Clogherhead,Ireland,A41,880
633,Veronika,Zanardii,vzanardiihk@wired.com,303-840-9948,28 Prairieview Way,Fonte Boa dos Nabos,Portugal,2655-469,922
634,Winny,Ridgers,wridgershl@constantcontact.com,362-472-8118,94 Utah Pass,Anggana,Indonesia,,77
635,Donni,Bellenie,dbelleniehm@devhub.com,484-696-9987,097 Pine View Street,Catujal,Portugal,2680-333,52
636,Lion,Seegar,lseegarhn@ycombinator.com,582-931-6474,0438 6th Alley,Kedungringin,Indonesia,,763
637,Dew,Vittore,dvittoreho@linkedin.com,736-506-8827,75956 Elka Drive,Henggang,China,,606
638,Amye,Mack,amackhp@forbes.com,578-393-8755,0003 Nancy Street,Sambirejo,Indonesia,,212
639,Scott,Mougeot,smougeothq@paginegialle.it,298-345-1284,0849 Hudson Park,Ferreiros,Portugal,2420-316,42
640,Jaquenetta,Cater,jcaterhr@theatlantic.com,440-157-7741,68 Fisk Pass,Lefengzhen,China,,548
641,Lissy,Scriven,lscrivenhs@buzzfeed.com,133-644-8331,31 Village Green Way,Espírito Santo do Pinhal,Brazil,13990-000,785
642,Odelinda,Tousy,otousyht@japanpost.jp,703-359-9605,0 Roxbury Hill,Eskilstuna,Sweden,631 85,693
643,Iggie,Dunklee,idunkleehu@apache.org,221-239-6169,49 Vera Junction,Banī Suwayf,Egypt,,876
644,Shannen,Parlot,sparlothv@qq.com,794-955-3344,2974 Granby Way,Pasirpengarayan,Indonesia,,505
645,Dawn,Drinnan,ddrinnanhw@surveymonkey.com,704-435-1749,99126 Vera Point,Rejanegara,Indonesia,,57
646,Selle,Iacopo,siacopohx@typepad.com,763-156-6633,48 Dovetail Avenue,Xiangdong,China,,230
647,Edi,Youtead,eyouteadhy@mysql.com,527-933-0946,16218 Pine View Center,Saint-Flour,France,15104 CEDEX,811
648,Derry,Simmans,dsimmanshz@state.tx.us,690-176-3329,1220 Valley Edge Street,Talok,Indonesia,,344
649,Alister,Blazic,ablazici0@zdnet.com,831-189-5511,9637 3rd Drive,Askiz,Russia,655761,534
650,Kayle,Yablsley,kyablsleyi1@mit.edu,831-620-7312,34 Graedel Way,Edosaki,Japan,300-0636,74
651,Brandie,Loughton,bloughtoni2@indiegogo.com,300-358-9875,57 Burning Wood Circle,Lhabupu,China,,733
652,Gianni,Jerrand,gjerrandi3@wikimedia.org,168-811-0959,6157 Bowman Street,Ōdate,Japan,270-0105,638
653,Bogey,Kimmons,bkimmonsi4@vk.com,742-762-3885,05 Eggendart Avenue,Loujiadian,China,,342
654,Hildagarde,Smittoune,hsmittounei5@meetup.com,265-491-6915,74605 Dwight Circle,Bombarral,Portugal,2540-006,53
655,Delilah,Gouch,dgouchi6@oakley.com,159-441-6865,7366 David Park,Diamante,Argentina,3105,147
656,Antoni,Nunnerley,anunnerleyi7@shutterfly.com,676-946-7090,2587 Bowman Circle,Hinapalanan,Philippines,4419,715
657,Chiarra,Aberdein,caberdeini8@acquirethisname.com,452-957-7608,17825 Boyd Drive,Agalteca,Honduras,,558
658,Noemi,Tarney,ntarneyi9@scientificamerican.com,872-866-0646,93 Eastlawn Park,Darkūsh,Syria,,499
659,Cortney,Bambery,cbamberyia@comsenz.com,685-362-4950,743 Mccormick Hill,Zhovti Vody,Ukraine,,791
660,Jody,Thomann,jthomannib@census.gov,281-895-3722,4 Rieder Park,Houston,United States,77075,923
661,Shermy,Olivi,soliviic@issuu.com,619-679-4380,116 Burning Wood Point,Linares,Chile,,479
662,Dalis,Stoad,dstoadid@google.es,510-221-7213,909 Karstens Street,Yangjinzhuang,China,,930
663,Carolyn,Jirus,cjirusie@latimes.com,247-458-9601,896 Bowman Plaza,Bograd,Russia,655340,352
664,Rodrigo,Phoenix,rphoenixif@nba.com,758-423-7678,9017 Merchant Point,Przemęt,Poland,64-234,350
665,Karlotte,MacKean,kmackeanig@zdnet.com,948-423-6704,6392 Lakewood Gardens Way,Miraflores,Peru,,728
666,Gram,Pickles,gpicklesih@va.gov,624-635-3745,02 Eastwood Center,Suwatu,Indonesia,,847
667,Shurlock,Paliser,spaliserii@hubpages.com,495-920-5952,859 Arizona Junction,Rio Branco do Sul,Brazil,83540-000,655
668,Regine,Pleming,rplemingij@npr.org,827-737-8947,38859 Schiller Way,Sapareva Banya,Bulgaria,2645,556
669,Joelie,Gianettini,jgianettiniik@shutterfly.com,231-263-5887,294 Vahlen Court,Évreux,France,27036 CEDEX,338
670,Charity,Musla,cmuslail@51.la,378-991-6473,4892 Petterle Lane,Tögrög,Mongolia,,790
671,Lyndy,Devany,ldevanyim@ihg.com,433-584-3699,2504 Continental Plaza,Zoushi,China,,828
672,Tammi,Lehrmann,tlehrmannin@discuz.net,230-608-5951,81 Hansons Center,Issy-les-Moulineaux,France,92864 CEDEX 9,329
673,Morganne,Strank,mstrankio@typepad.com,256-207-6522,7750 South Circle,Cutral-Có,Argentina,8322,447
674,Quillan,Bigadike,qbigadikeip@zdnet.com,387-408-9371,4 Blackbird Circle,Liurenba,China,,803
675,Xylia,Dyshart,xdyshartiq@apache.org,221-639-3707,77 Stang Drive,Şānūr,Palestinian Territory,,887
676,Yuri,Clowley,yclowleyir@jiathis.com,550-486-4931,9 Everett Plaza,Baishuitan,China,,635
677,Kiele,Bohling,kbohlingis@japanpost.jp,703-284-5918,3 Talmadge Way,Piracicaba,Brazil,13400-000,340
678,Marijo,Cavanaugh,mcavanaughit@reverbnation.com,979-561-6631,79177 Anhalt Court,Huangban,China,,114
679,Timmy,Vasilic,tvasiliciu@cdbaby.com,417-368-6286,5 Dorton Trail,Dmytrivka,Ukraine,,66
680,Irma,Cater,icateriv@elegantthemes.com,636-802-5346,22 Stang Road,Korenovsk,Russia,353187,190
681,Corey,Lisle,clisleiw@elpais.com,255-808-9248,333 Park Meadow Drive,Petropavlovsk,Kazakhstan,,14
682,Thatcher,McAlester,tmcalesterix@icio.us,733-743-9855,081 Vera Crossing,Babasakhib,Afghanistan,,504
683,Sibbie,Woodroof,swoodroofiy@live.com,376-514-5709,6 Bunker Hill Trail,Jukui,China,,723
684,Yalonda,Egiloff,yegiloffiz@cyberchimps.com,242-414-6339,94548 Sunnyside Lane,Mwense,Zambia,,863
685,Trueman,Versey,tverseyj0@toplist.cz,127-456-4009,06 Corscot Road,Sonlit,Indonesia,,822
686,Shayne,Hendonson,shendonsonj1@dell.com,645-382-9148,601 Glendale Alley,Novoanninskiy,Russia,403964,663
687,Mal,Drew-Clifton,mdrewcliftonj2@delicious.com,569-581-0919,1978 Donald Lane,Conde,Brazil,58322-000,104
688,Tyrone,Arlidge,tarlidgej3@dell.com,781-505-9505,25094 Loftsgordon Parkway,Cocieri,Moldova,MD-4571,407
689,Ole,Keogh,okeoghj4@plala.or.jp,165-586-5478,8 Bellgrove Court,Täby,Sweden,183 83,364
690,Marci,Pudsall,mpudsallj5@cafepress.com,885-107-1100,58712 Butterfield Park,Lamawan,China,,632
691,Benni,Abbets,babbetsj6@webs.com,517-973-0125,59914 Myrtle Plaza,Dingzigu,China,,761
692,Analiese,Bellows,abellowsj7@delicious.com,677-666-1832,7 Kedzie Court,Kamaris,Armenia,,393
693,Brigham,Sapp,bsappj8@gov.uk,836-698-5876,1 Warner Parkway,Sudogda,Russia,601352,234
694,Ruperto,Ankrett,rankrettj9@163.com,589-855-0903,6103 Graedel Trail,El Calvario,Mexico,68213,64
695,Janey,Di Biaggi,jdibiaggija@alexa.com,245-314-8532,65 Carpenter Terrace,Lambangan Kulon,Indonesia,,789
696,Pancho,Briant,pbriantjb@bluehost.com,330-834-3895,1767 Larry Park,Quimper,France,29327 CEDEX,915
697,Ninon,Coche,ncochejc@vimeo.com,508-757-5816,8615 Huxley Lane,Novyy Urgal,Russia,682071,502
698,Kris,Liepins,kliepinsjd@scientificamerican.com,637-934-3352,5506 Dennis Park,U Minh,Vietnam,,883
699,Woody,Schutt,wschuttje@mayoclinic.com,464-953-4644,56752 Acker Junction,Ampatuan,Philippines,9609,237
700,Grissel,Dulake,gdulakejf@pcworld.com,840-880-3914,0 Schlimgen Pass,Drnje,Croatia,48322,568
701,Ortensia,Whalebelly,owhalebellyjg@kickstarter.com,201-831-3974,3 Florence Parkway,Cumaná,Venezuela,,804
702,Harmonie,Badland,hbadlandjh@wix.com,674-942-7001,39 Holy Cross Pass,Palermo,Italy,90129,186
703,Quintilla,Haye,qhayeji@prweb.com,863-447-2274,12521 Fallview Place,Pando,Uruguay,,405
704,Cordie,Keppie,ckeppiejj@github.com,193-877-6801,76287 Dayton Hill,Tacarigua,Venezuela,,338
705,Jemmy,Tythe,jtythejk@vistaprint.com,747-827-9859,2119 Eliot Court,Two Hills,Canada,J9H,835
706,Cletus,Canacott,ccanacottjl@newsvine.com,497-340-0060,1 Troy Point,Weizhou,China,,927
707,Emmy,Gidman,egidmanjm@123-reg.co.uk,789-438-1730,4075 Lien Point,Cihurip Satu,Indonesia,,199
708,Ericha,Barends,ebarendsjn@angelfire.com,395-569-1839,3 Oakridge Drive,Rio Branco do Sul,Brazil,83540-000,705
709,Conny,Le Floch,cleflochjo@businessweek.com,985-669-4740,510 Jackson Center,Nerk’in Getashen,Armenia,,385
710,Abigail,Rushmare,arushmarejp@i2i.jp,169-772-8597,907 Arizona Drive,Belén de Umbría,Colombia,664048,448
711,Flem,Cinderey,fcindereyjq@macromedia.com,294-868-3424,8526 Acker Court,Jinghai,China,,426
712,Ali,Fattorini,afattorinijr@hibu.com,581-317-3314,3575 Northridge Parkway,Badeggi,Nigeria,,538
713,Myranda,Heddan,mheddanjs@domainmarket.com,290-480-6071,308 Talmadge Street,Mikhaylovka,Russia,613384,235
714,Geoffrey,Blowfelde,gblowfeldejt@addtoany.com,950-486-1863,52224 Rieder Plaza,Ochakiv,Ukraine,,587
715,Jed,Carlyle,jcarlyleju@diigo.com,232-529-0515,5499 Sachs Terrace,Dziemiany,Poland,83-425,731
716,Evelyn,Skitterel,eskittereljv@addtoany.com,932-375-0796,8377 Tony Crossing,Kilcullen,Ireland,Y25,371
717,Harlie,Talton,htaltonjw@merriam-webster.com,337-219-7913,0 Jackson Drive,Boco,Portugal,2425-405,146
718,Angel,Lehemann,alehemannjx@umich.edu,782-625-4894,95783 Mccormick Way,Kuiyong,China,,56
719,Myrtice,Hanington,mhaningtonjy@123-reg.co.uk,451-371-5303,87 Lukken Street,Lamongan,Indonesia,,795
720,Orsa,Kynforth,okynforthjz@barnesandnoble.com,385-365-0926,4069 Sommers Pass,Saubara,Brazil,44220-000,106
721,Shandee,Mulvaney,smulvaneyk0@comcast.net,345-112-1143,870 Butterfield Point,Duran,Philippines,5813,716
722,Saunders,Fey,sfeyk1@homestead.com,451-655-9034,6 West Center,Road Town,British Virgin Islands,,515
723,Oralee,Pane,opanek2@joomla.org,178-347-8960,4 Dayton Circle,Kallinge,Sweden,372 53,199
724,Berri,O'Luney,boluneyk3@unesco.org,308-352-1081,64447 Lukken Pass,Jiangkou,China,,986
725,Dare,Franz,dfranzk4@geocities.com,285-852-1960,0166 Granby Alley,São Sebastião do Caí,Brazil,95760-000,456
726,Odelinda,Coppenhall,ocoppenhallk5@census.gov,240-428-2859,611 Lyons Street,Akebielidou,China,,422
727,Sydney,Cheyenne,scheyennek6@google.co.uk,133-371-4434,1 Division Pass,Genet,Ethiopia,,10
728,Amalia,Vittet,avittetk7@squarespace.com,807-193-5273,9 Shasta Junction,Pangantocan,Philippines,4006,703
729,Karna,Worham,kworhamk8@de.vu,954-812-4174,0 Milwaukee Plaza,Provins,France,77484 CEDEX,4
730,Benedetta,Kaspar,bkaspark9@cisco.com,876-475-3117,17 Express Drive,Ciguna,Indonesia,,922
731,Ardene,Dogg,adoggka@dailymail.co.uk,740-711-5896,5 Chive Circle,Algés,Portugal,1495-005,429
732,Charita,Craigg,ccraiggkb@studiopress.com,951-401-6658,8 Hagan Pass,Íquira,Colombia,412068,21
733,Aldo,Fitzsymon,afitzsymonkc@sourceforge.net,748-400-0490,985 Acker Place,Colombo,Sri Lanka,00100,591
734,Bartolemo,Adamiec,badamieckd@smh.com.au,438-556-5450,416 Arapahoe Street,Atikokan,Canada,K1Y,641
735,Erina,Tomasoni,etomasonike@flavors.me,523-757-2493,6790 Swallow Junction,Kalutara,Sri Lanka,12000,652
736,Onfre,Staggs,ostaggskf@gov.uk,108-102-4073,88 Mcguire Street,Blois,France,41965 CEDEX 9,577
737,Danyelle,Gerckens,dgerckenskg@ask.com,954-790-5159,44 Prairieview Way,Fort Lauderdale,United States,33330,337
738,Desmond,Pursglove,dpursglovekh@booking.com,749-702-9588,60 David Place,Ngrambitan,Indonesia,,995
739,Pavia,Gye,pgyeki@deviantart.com,320-838-5449,34 Cambridge Trail,Yauca,Peru,,805
740,Jenifer,Westrey,jwestreykj@indiegogo.com,274-175-3552,7 Nelson Crossing,Dibulla,Colombia,446017,62
741,Lynea,Sewter,lsewterkk@mail.ru,666-351-7317,7 Ridge Oak Point,Nagareyama,Japan,270-0164,354
742,Katie,Robbe,krobbekl@xinhuanet.com,737-380-8154,67 Mallard Street,Fátima,Portugal,2495-555,305
743,Micky,Munford,mmunfordkm@businessinsider.com,533-786-8419,2 David Center,Xuhang,China,,791
744,Lewes,Khadir,lkhadirkn@miibeian.gov.cn,802-237-6421,42 Porter Hill,Beloyarskiy,Russia,624030,996
745,Giuseppe,Seamon,gseamonko@oakley.com,744-220-1278,3 Hanover Point,Martingança-Gare,Portugal,2445-764,910
746,Dorian,Flippini,dflippinikp@youtu.be,309-831-1628,802 Hooker Trail,Jesús María,Argentina,5223,557
747,Clarance,McBeith,cmcbeithkq@xinhuanet.com,524-955-2170,62686 Lunder Crossing,Laâyoune / El Aaiún,Western Sahara,,830
748,Corinne,Saundercock,csaundercockkr@furl.net,894-583-4360,9127 Coolidge Trail,Ban Phaeo,Thailand,74120,622
749,Gordy,Waugh,gwaughks@google.co.uk,504-911-7888,50177 Butternut Street,Kensington,Canada,S7K,938
750,Katha,Letteresse,kletteressekt@weather.com,381-503-2163,56 Armistice Place,Sandvika,Norway,1304,95
751,Wright,Dalyiel,wdalyielku@goodreads.com,744-350-5234,6 Sloan Trail,Rouen,France,76040 CEDEX,321
752,Dicky,Napleton,dnapletonkv@webs.com,407-746-1801,699 Hanson Junction,Nastola,Finland,15561,404
753,Eleni,Ternott,eternottkw@hud.gov,489-295-4162,66025 Anderson Court,Lipci,Montenegro,,932
754,Olivero,Deviney,odevineykx@nationalgeographic.com,531-735-7969,14 Londonderry Way,Gupakan,Indonesia,,286
755,Rich,Nairns,rnairnsky@acquirethisname.com,524-704-1577,74788 Goodland Drive,Sinarwangi,Indonesia,,461
756,Maiga,Tripp,mtrippkz@bluehost.com,389-340-5132,5 Dennis Lane,Atins,Brazil,89340-000,30
757,Tonya,Whitemarsh,twhitemarshl0@alibaba.com,214-767-9272,2849 Leroy Street,Dallas,United States,75372,152
758,Vikki,Nicklinson,vnicklinsonl1@ucoz.ru,997-985-1320,970 Rockefeller Drive,Hongtang,China,,331
759,Lina,Easum,leasuml2@ft.com,346-982-8172,02 Lighthouse Bay Park,Nabīnagar,Bangladesh,3410,559
760,Nissa,Polland,npollandl3@who.int,801-439-6930,5342 Redwing Plaza,Yaxi,China,,23
761,Nikos,Heitz,nheitzl4@ask.com,757-676-8369,01777 Oneill Place,Phlapphla Chai,Thailand,10800,877
762,Jdavie,Valsler,jvalslerl5@addthis.com,915-807-9652,0492 Pleasure Junction,Molochnoye,Russia,160555,87
763,Dennie,Cleare,dclearel6@creativecommons.org,571-908-6548,345 Anniversary Circle,Richmond,United States,23272,31
764,Aksel,Snowman,asnowmanl7@dailymotion.com,114-288-7488,6657 Summerview Place,Quchi,China,,514
765,Callida,Torre,ctorrel8@wiley.com,491-373-4852,63 Main Place,Seren,Indonesia,,807
766,Riobard,Leafe,rleafel9@infoseek.co.jp,366-352-1596,3287 Jackson Place,Sepit,Indonesia,,11
767,Chuck,Driffill,cdriffillla@eventbrite.com,501-367-7547,963 Paget Trail,Qingxi,China,,298
768,Jephthah,Style,jstylelb@github.com,214-932-8177,43 Union Point,Si Sa Ket,Thailand,33140,986
769,Rosabelle,Kincey,rkinceylc@blinklist.com,647-698-0222,56245 Little Fleur Crossing,Linköping,Sweden,582 02,844
770,Hasty,Farraway,hfarrawayld@gizmodo.com,383-335-7334,5050 Autumn Leaf Hill,Kedungcangkring,Indonesia,,437
771,Marlon,Kingham,mkinghamle@psu.edu,225-256-7627,29275 Summer Ridge Trail,Yangzhuang,China,,723
772,Arleyne,Pappin,apappinlf@craigslist.org,595-731-1432,14640 Bartillon Road,Belize City,Belize,,853
773,Leela,Dionsetto,ldionsettolg@ovh.net,661-977-7506,94641 Comanche Circle,Zhenghu,China,,753
774,Nikkie,Daglish,ndaglishlh@godaddy.com,297-224-2626,8622 Steensland Pass,Daxing,China,,402
775,Trisha,Bukac,tbukacli@sciencedirect.com,207-766-7154,53759 Eastwood Way,Rancharia,Brazil,19600-000,149
776,Wiatt,Fairbridge,wfairbridgelj@infoseek.co.jp,538-680-8267,81 Westend Alley,Białaczów,Poland,26-307,387
777,Kalindi,Langforth,klangforthlk@ehow.com,572-233-0435,3 Manley Court,Xiali,China,,851
778,Meggie,Pavluk,mpavlukll@imdb.com,698-454-3142,699 Talmadge Drive,Yangdun,China,,57
779,Court,Redwall,credwalllm@senate.gov,749-325-6328,7423 Granby Alley,Toulouse,France,31044 CEDEX 9,773
780,Alexander,Langland,alanglandln@etsy.com,371-424-3754,24178 Carpenter Pass,Castleblayney,Ireland,A75,89
781,Ayn,Scranney,ascranneylo@ebay.com,120-686-1959,7 Del Mar Trail,Pointe-à-Pitre,Guadeloupe,97171 CEDEX,766
782,Haleigh,MacGruer,hmacgruerlp@wikia.com,986-250-7371,5662 Stuart Crossing,Miguel Hidalgo,Mexico,37487,91
783,Patrizia,Grievson,pgrievsonlq@ucoz.ru,915-952-8807,4 Oriole Junction,El Paso,United States,88574,368
784,Suzette,Birtwisle,sbirtwislelr@chronoengine.com,421-127-8703,62 Jay Point,Limeiras,Portugal,2260-114,816
785,Mark,Veld,mveldls@typepad.com,952-876-6608,17 Westridge Way,Demuk,Indonesia,,618
786,Gay,Hodcroft,ghodcroftlt@com.com,906-955-3451,7 Prentice Hill,Ciladaeun,Indonesia,,415
787,Tito,Tummons,ttummonslu@prweb.com,717-835-2812,0163 Iowa Plaza,Pingtian,China,,36
788,Mickie,Moriarty,mmoriartylv@google.com,623-957-5375,8 Lyons Way,Sidomulyo,Indonesia,,300
789,Fannie,Clawley,fclawleylw@weibo.com,258-924-6042,1 Raven Pass,San Isidro,Mexico,35156,431
790,Hugibert,Rowland,hrowlandlx@wikia.com,857-597-8223,32284 Sundown Parkway,Miedzichowo,Poland,64-361,136
791,Rianon,Saunton,rsauntonly@twitpic.com,752-414-9049,045 Marcy Terrace,Loma Bonita,Mexico,52740,354
792,Jacquenette,Yakovlev,jyakovlevlz@census.gov,573-149-6245,44 Harbort Center,Bang Kruai,Thailand,11130,56
793,Gwenny,Jersch,gjerschm0@indiegogo.com,195-830-1051,499 Dexter Crossing,Yujing,China,,159
794,Terrance,Lloyds,tlloydsm1@marketwatch.com,390-355-2573,4397 Graceland Road,Korfovskiy,Russia,601423,482
795,Emlynn,Hinks,ehinksm2@list-manage.com,157-133-7187,1759 Blue Bill Park Road,Skelleftehamn,Sweden,932 33,475
796,Shep,Thickpenny,sthickpennym3@51.la,806-257-0673,38 Glacier Hill Crossing,Ma Đa Gui,Vietnam,,477
797,Aksel,Crowcher,acrowcherm4@mtv.com,225-948-6154,56168 Spohn Lane,Taounza,Morocco,,628
798,Halli,Elstob,helstobm5@umn.edu,786-280-7214,46 Scott Hill,Sidamukti,Indonesia,,432
799,Aubry,Tiddeman,atiddemanm6@wikispaces.com,662-378-8350,56 David Place,Futaleufú,Chile,,899
800,Amy,Stearns,astearnsm7@nsw.gov.au,663-530-1167,0681 Debra Court,Cisownica,Poland,43-450,807
801,Nanete,Rosbottom,nrosbottomm8@telegraph.co.uk,886-515-0970,3 Spohn Drive,Phan Rang-Tháp Chàm,Vietnam,,644
802,Tatiania,Sunner,tsunnerm9@google.co.uk,807-183-1495,196 Macpherson Court,Biaokou,China,,55
803,Hastie,Hargreves,hhargrevesma@house.gov,555-664-0338,81 Hermina Court,Saint-Nazaire,France,44604 CEDEX,825
804,Mariann,Clues,mcluesmb@apache.org,313-729-7521,201 1st Crossing,Gaoyi,China,,904
805,Sidoney,Neiland,sneilandmc@eventbrite.com,449-629-1806,6 Lotheville Parkway,Châu Thành,Vietnam,,793
806,Midge,Penddreth,mpenddrethmd@blogs.com,992-424-1821,18 Onsgard Court,Skokovi,Bosnia and Herzegovina,,261
807,Sonya,Rangeley,srangeleyme@cloudflare.com,616-293-8195,00693 Maryland Road,Meipu,China,,884
808,Benedetto,Farndell,bfarndellmf@guardian.co.uk,826-968-9801,0 Heffernan Crossing,Az Zarbah,Syria,,410
809,Waylen,Esselin,wesselinmg@ameblo.jp,220-672-7316,4 Burrows Way,Tambaksari,Indonesia,,786
810,Alphonse,Glenister,aglenistermh@parallels.com,425-226-3172,67620 Elka Road,Lajkovac,Serbia,,374
811,Ariana,McCandie,amccandiemi@biglobe.ne.jp,890-917-1762,5994 Amoth Park,Siborong-borong,Indonesia,,433
812,Pascale,Dillimore,pdillimoremj@indiegogo.com,464-173-1821,730 Victoria Court,Przasnysz,Poland,06-302,99
813,Elfie,Clemendet,eclemendetmk@unicef.org,934-705-5984,1258 Hoffman Point,Yanyang,China,,926
814,Helaina,Drohan,hdrohanml@w3.org,145-848-0217,4339 Oakridge Point,Laprida,Argentina,4205,760
815,Reena,McMichell,rmcmichellmm@sphinn.com,752-502-4925,13 Independence Terrace,Casal dos Bernardos,Portugal,2435-010,756
816,Christye,Luparti,clupartimn@reverbnation.com,998-856-7324,530 Morning Plaza,Boychinovtsi,Bulgaria,3453,899
817,Dore,Menichelli,dmenichellimo@ebay.co.uk,461-859-0542,66776 Hagan Drive,Chedao,China,,787
818,Earvin,Bohler,ebohlermp@google.ru,398-377-1216,446 Tomscot Avenue,Horad Pinsk,Belarus,,942
819,Ramsay,Steer,rsteermq@indiatimes.com,230-311-1292,6 Pond Parkway,Dąbrowice,Poland,99-352,294
820,Annabella,Tewkesberry,atewkesberrymr@parallels.com,714-295-0857,3 Thierer Center,Ånge,Sweden,841 23,144
821,Wendie,Methley,wmethleyms@stanford.edu,934-688-3050,3211 Norway Maple Lane,Ulaan-Uul,Mongolia,,937
822,Daffi,Georger,dgeorgermt@businessweek.com,262-596-5763,519 Union Parkway,"Villa Presidente Frei, Ñuñoa, Santiago, Chile",Chile,,388
823,Corly,Kettridge,ckettridgemu@google.co.jp,770-861-6824,9 Meadow Valley Place,Krasnoye,Russia,385232,505
824,Cesar,O'Cannovane,cocannovanemv@unicef.org,531-755-4536,8 Eggendart Terrace,Francisco Sarabia,Mexico,29783,463
825,Blythe,Woolrich,bwoolrichmw@opera.com,218-234-3307,1106 Beilfuss Trail,Saint-Rémy-de-Provence,France,13538 CEDEX,947
826,Nanon,Duckworth,nduckworthmx@imdb.com,182-823-2260,83722 Anderson Place,Kariaí,Greece,,860
827,Donetta,Larciere,dlarcieremy@techcrunch.com,851-992-1767,313 Starling Street,Arcos de Valdevez,Portugal,4970-434,720
828,Tybie,Bisseker,tbissekermz@oracle.com,770-179-6652,3 Almo Lane,Międzyzdroje,Poland,72-500,397
829,Carol,Colliss,ccollissn0@360.cn,206-534-3817,5337 Maywood Alley,Velké Hoštice,Czech Republic,747 31,302
830,Melinde,Rude,mruden1@marketwatch.com,431-548-8075,49365 Toban Trail,Alunda,Sweden,747 30,893
831,Rolland,Preator,rpreatorn2@aol.com,960-629-1961,570 Columbus Center,Colonias Unidas,Argentina,3515,890
832,Tatiana,Bouchard,tbouchardn3@globo.com,536-912-7168,537 Caliangt Park,San Jacinto,Philippines,5417,666
833,Ninon,Gornar,ngornarn4@omniture.com,964-136-6253,05643 Weeping Birch Park,Beauceville,Canada,G5X,729
834,Jordanna,Brabin,jbrabinn5@dailymotion.com,228-429-0627,08290 Grim Terrace,Mawu,China,,375
835,Joe,Bromell,jbromelln6@nymag.com,978-149-3434,8363 Reinke Crossing,Betafo,Madagascar,,529
836,Sasha,Gard,sgardn7@dailymail.co.uk,727-123-1267,4 Ridgeway Center,Vinhas,Portugal,4575-062,2
837,Park,Drage,pdragen8@ask.com,678-234-5655,75 Browning Drive,Adamantina,Brazil,17800-000,980
838,Stacee,Beales,sbealesn9@netvibes.com,879-486-2301,235 Corscot Plaza,Drásov,Czech Republic,664 24,251
839,Roxana,Le Marquand,rlemarquandna@shinystat.com,600-848-2945,9 Loftsgordon Lane,Ciepielów,Poland,27-310,811
840,Lucinda,Artois,lartoisnb@blinklist.com,706-190-4572,126 Anzinger Crossing,Kebunkelapa,Indonesia,,454
841,Niki,Le Noury,nlenourync@europa.eu,798-406-1274,38 Sherman Junction,Iba,Philippines,2201,715
842,Vernor,Kingswood,vkingswoodnd@t-online.de,677-885-8735,93 Crowley Junction,Duntou,China,,442
843,Wilmar,Tolland,wtollandne@squarespace.com,148-814-0537,63 Cascade Avenue,Huaqiao,China,,885
844,Toby,Borles,tborlesnf@biglobe.ne.jp,630-413-9793,3465 Nevada Court,Ghār al Milḩ,Tunisia,,443
845,Tove,Metzing,tmetzingng@people.com.cn,172-937-9708,0804 Saint Paul Circle,Shāhpur Chākar,Pakistan,72121,138
846,Humfried,Puig,hpuignh@yahoo.com,624-209-1687,86326 Trailsway Junction,Khawrah,Yemen,,38
847,Estelle,Ramel,eramelni@twitpic.com,982-506-4112,88 Shasta Center,Mikhaylovsk,Russia,243421,553
848,Eleanore,Geram,egeramnj@wired.com,329-183-8155,30 School Court,Talisayan,Philippines,9012,735
849,Baryram,Fruen,bfruennk@nymag.com,554-341-2720,7 6th Way,Belalcazar,Colombia,177007,823
850,Sherwynd,Shreeves,sshreevesnl@ucsd.edu,227-243-9955,99093 Goodland Avenue,Mahaba,Philippines,6215,463
851,Harmon,Robke,hrobkenm@vinaora.com,870-257-0481,80926 5th Place,Nevyts’ke,Ukraine,,142
852,Kathy,Mepham,kmephamnn@squidoo.com,674-626-9241,99874 Norway Maple Park,Zhenkou,China,,173
853,Francis,de Aguirre,fdeaguirreno@addtoany.com,572-404-6232,5 Atwood Alley,Watuagung,Indonesia,,145
854,Angel,Bleything,ableythingnp@aol.com,210-262-1719,4 Ronald Regan Alley,San Antonio,United States,78220,569
855,Stanton,Goodbourn,sgoodbournnq@angelfire.com,147-811-3465,04355 Mcbride Court,Bol’shoy Kamen’,Russia,249018,374
856,Reese,Tarbin,rtarbinnr@wunderground.com,250-191-8131,8 Steensland Drive,Cachadinha,Portugal,4800-858,567
857,Rosella,Strognell,rstrognellns@technorati.com,438-388-0239,82 Florence Drive,Yangjia,China,,536
858,Clair,Margrett,cmargrettnt@msu.edu,371-350-9212,34 Summerview Place,Koncang,Indonesia,,378
859,Ianthe,O'Hengerty,iohengertynu@wunderground.com,208-682-2437,871 Banding Road,Bornu Yassu,Nigeria,,384
860,Arden,Pashley,apashleynv@dropbox.com,550-941-4178,0223 Dovetail Drive,Condado,Brazil,55940-000,615
861,Wanda,Barrack,wbarracknw@yolasite.com,410-943-5758,27 Mcguire Street,Basseterre,Saint Kitts and Nevis,,899
862,Jakie,McKeveney,jmckeveneynx@home.pl,638-117-5995,71 Montana Circle,Summerland,Canada,H1V,891
863,Andrey,Leate,aleateny@prlog.org,753-619-5236,2804 Grover Way,Baofeng,China,,949
864,Annadiana,Comben,acombennz@sogou.com,308-627-1952,24444 Crownhardt Hill,Walakeri,Indonesia,,854
865,Aileen,MacDirmid,amacdirmido0@indiegogo.com,755-149-3503,6 Hansons Pass,General Lavalle,Argentina,7103,206
866,Elset,Chadd,echaddo1@nymag.com,898-223-9487,5 Colorado Alley,Luleå,Sweden,974 36,96
867,Massimo,De Bellis,mdebelliso2@nymag.com,166-549-8849,59 Pawling Road,Vyselki,Russia,403029,400
868,Christiano,Mainwaring,cmainwaringo3@theglobeandmail.com,441-845-6029,49 Bellgrove Alley,Annaka,Japan,379-0116,229
869,Ahmad,Barrows,abarrowso4@odnoklassniki.ru,850-998-1360,5 Declaration Junction,Tallahassee,United States,32304,477
870,Gerald,Jerg,gjergo5@accuweather.com,764-593-7789,3592 Butternut Parkway,Ipoh,Malaysia,30648,262
871,Stephen,Jira,sjirao6@accuweather.com,902-550-3347,7 Marquette Plaza,Dumaguil,Philippines,9510,673
872,Sonnie,Playdon,splaydono7@sitemeter.com,661-983-6819,16 Debs Drive,La Jicaral,Nicaragua,,667
873,Marlo,Scurry,mscurryo8@about.me,210-556-4381,3461 Bunker Hill Crossing,Morelos,Mexico,73795,317
874,Cordelia,Callery,ccalleryo9@deliciousdays.com,497-550-3189,39642 Pierstorff Crossing,Xiaosong,China,,703
875,Betsy,Gallon,bgallonoa@netvibes.com,238-806-8923,34463 Charing Cross Pass,Besançon,France,25057 CEDEX,43
876,Milena,Van Oord,mvanoordob@bloomberg.com,480-751-9265,1795 Oak Lane,Alhos Vedros,Portugal,2860-010,949
877,Kai,Lewsy,klewsyoc@ocn.ne.jp,768-490-2397,0 Melody Street,Weixin,China,,291
878,Danie,Theuff,dtheuffod@quantcast.com,262-700-5686,84910 Hoepker Street,Tuupovaara,Finland,82730,871
879,Car,Kemmons,ckemmonsoe@webeden.co.uk,347-794-4357,42684 Maywood Center,Loimaan Kunta,Finland,32560,969
880,Clayton,Gimbrett,cgimbrettof@woothemes.com,223-820-6255,8341 Pankratz Place,Yuandun,China,,750
881,Bard,Riditch,briditchog@cpanel.net,776-111-4688,367 Nova Way,Las Animas,Chile,,96
882,Jada,Warr,jwarroh@virginia.edu,989-646-8116,27 Blue Bill Park Park,Obeliai,Lithuania,42006,468
883,Darb,Blaszczak,dblaszczakoi@themeforest.net,461-821-6414,510 Karstens Circle,Wąsosz,Poland,56-210,539
884,Heriberto,Largan,hlarganoj@flavors.me,544-146-8977,671 Clyde Gallagher Circle,Putinci,Serbia,,127
885,Tonnie,Owthwaite,towthwaiteok@weather.com,322-755-2448,99 Lakewood Gardens Street,Jeziorzany,Poland,21-146,155
886,Lew,Edmands,ledmandsol@google.com.hk,524-591-7046,9635 Leroy Street,Itupiranga,Brazil,68580-000,147
887,Kailey,Alf,kalfom@time.com,468-438-5475,5105 Annamark Park,Kissidougou,Guinea,,966
888,Lek,Teml,ltemlon@list-manage.com,772-892-4961,9609 Doe Crossing Park,Oslo,Norway,0123,600
889,Orville,Aspital,oaspitaloo@github.com,641-168-4030,08415 Cherokee Drive,Priupskiy,Russia,102042,806
890,Lance,Ogilvie,logilvieop@dmoz.org,447-264-2948,5 Dayton Avenue,Ḩammām Wāşil,Syria,,45
891,Ulysses,Bratchell,ubratchelloq@over-blog.com,475-406-3043,6149 Old Gate Road,Guayabal de Síquima,Colombia,253217,475
892,Laurice,Blyde,lblydeor@theguardian.com,309-429-1377,241 Kenwood Way,Shani,Nigeria,,367
893,Babbie,Mayor,bmayoros@cloudflare.com,161-217-3162,344 Mcguire Court,San Rafael,Costa Rica,11504,183
894,Gauthier,Remon,gremonot@businessweek.com,645-273-5150,2 Shasta Hill,Veliko Tŭrnovo,Bulgaria,5049,689
895,Scotty,Ferraresi,sferraresiou@phpbb.com,194-393-0383,5 Hayes Crossing,Goujie,China,,754
896,Herminia,Smullin,hsmullinov@disqus.com,747-345-2845,42 Clemons Terrace,Yeniköy,Turkey,45600,34
897,Janette,McMackin,jmcmackinow@pbs.org,846-178-7622,04798 Claremont Drive,Ejigbo,Nigeria,,777
898,Cheston,Pelosi,cpelosiox@gmpg.org,740-406-4082,4118 Coleman Park,Nunguan,Philippines,9610,455
899,Aile,Bentham3,abenthamoy@bbc.co.uk,683-879-9174,757 John Wall Street,Muonio,Finland,99301,159
900,Maude,Mulloch,mmullochoz@comcast.net,408-136-0203,481 Ramsey Circle,Hongdu,China,,83
901,Tabbi,Deny,tdenyp0@engadget.com,894-352-9995,59485 Granby Alley,Rönninge,Sweden,144 62,445
902,Gasparo,Jaqueme,gjaquemep1@techcrunch.com,290-789-6432,120 Eagle Crest Trail,Isla Pucú,Paraguay,,194
903,Ty,Blaydes,tblaydesp2@wiley.com,652-833-2199,5645 Mallard Road,Fatumnasi,Indonesia,,5
904,Sandro,Downer,sdownerp3@eventbrite.com,787-417-4236,50413 4th Trail,Walton,United Kingdom,CV35,614
905,Salomone,Diplock,sdiplockp4@archive.org,504-976-6265,415 Dennis Lane,New Orleans,United States,70149,976
906,Justinian,Osband,josbandp5@chicagotribune.com,966-849-5654,97 Porter Pass,Dahe,China,,444
907,Perice,Blondel,pblondelp6@163.com,389-496-1683,5 Bluestem Alley,Birowo,Indonesia,,995
908,Katharina,Myers,kmyersp7@networkadvertising.org,982-473-4852,1 Monica Plaza,Czerwieńsk,Poland,66-016,835
909,Nessi,Abarough,nabaroughp8@twitpic.com,727-341-0502,67304 Eastwood Hill,Zhendong,China,,387
910,Flor,McKeag,fmckeagp9@miibeian.gov.cn,106-827-0070,1 Southridge Way,Nantes,France,44265 CEDEX 2,94
911,Yuma,Hacard,yhacardpa@bbc.co.uk,390-863-5380,6 Debs Lane,Krasnokamensk,Russia,662955,762
912,Gardiner,Gallaway,ggallawaypb@free.fr,760-231-4032,4825 Carioca Drive,Cirumput,Indonesia,,26
913,Ollie,Tulloch,otullochpc@blogs.com,478-388-1739,3756 Sundown Junction,Shangmachang,China,,506
914,Hildegarde,Laffoley-Lane,hlaffoleylanepd@chron.com,713-583-9383,83 Sachtjen Terrace,Houston,United States,77288,116
915,Lebbie,Soppitt,lsoppittpe@dropbox.com,743-143-3394,8 Heffernan Avenue,Shimotoda,Japan,677-0043,658
916,Kristi,Dannett,kdannettpf@nbcnews.com,776-877-9058,8 Kedzie Street,Zouiat ech Cheïkh,Morocco,,336
917,Elvina,Rimer,erimerpg@miibeian.gov.cn,689-675-4043,97289 Warbler Parkway,Si Ma Cai,Vietnam,,665
918,Malchy,Ferraretto,mferrarettoph@yahoo.co.jp,235-836-9770,349 Hagan Street,Martyush,Russia,623462,343
919,Talya,Spofforth,tspofforthpi@163.com,128-961-3218,19494 Kings Junction,San Julian,Philippines,6814,981
920,Leann,Loosmore,lloosmorepj@infoseek.co.jp,770-496-9944,2 Clarendon Park,Tais,Indonesia,,326
921,Etheline,Joblin,ejoblinpk@dagondesign.com,110-714-4815,09159 Maryland Junction,Guanajay,Cuba,,454
922,Simone,Rowsell,srowsellpl@printfriendly.com,856-752-4222,54 Fieldstone Center,Babakankadu,Indonesia,,695
923,Gilda,Woods,gwoodspm@typepad.com,857-153-2377,7304 Arrowood Crossing,Gosë e Madhe,Albania,,778
924,Angelique,Ollier,aollierpn@europa.eu,313-796-9667,32507 Browning Hill,Tarasovskiy,Russia,346050,110
925,Briant,Pimm,bpimmpo@rambler.ru,126-615-7350,8375 Green Park,Rosmalen,Netherlands,5244,517
926,Tiebold,Caudrey,tcaudreypp@cnn.com,882-308-2974,249 Bashford Street,Tiang,Indonesia,,595
927,Lincoln,Somerfield,lsomerfieldpq@state.tx.us,306-345-8994,29021 Hoffman Terrace,Jalingo,Nigeria,,782
928,Nichole,Blacklawe,nblacklawepr@cbsnews.com,644-458-5461,62 Fallview Point,Wiślica,Poland,28-160,201
929,Shermie,Pellman,spellmanps@google.it,596-418-4519,13528 American Ash Terrace,Rū-ye Sang,Afghanistan,,319
930,Thorny,Highton,thightonpt@imgur.com,623-440-2806,49748 Old Shore Drive,Methóni,Greece,,329
931,Jarrod,Sabathier,jsabathierpu@dmoz.org,205-523-3438,5569 Chinook Terrace,Birmingham,United States,35236,401
932,Genevieve,Fitton,gfittonpv@smugmug.com,231-513-4504,6 Annamark Place,Esquina,Argentina,5131,511
933,Randell,Kilgrew,rkilgrewpw@google.ca,456-496-5065,8 Vera Plaza,Komyshnya,Ukraine,,494
934,Othilia,Coorington,ocooringtonpx@topsy.com,679-526-8945,4 Kipling Road,Shancheng,China,,337
935,Bertha,Cloney,bcloneypy@com.com,218-818-8219,7 Bashford Drive,Białobrzegi,Poland,37-114,737
936,Carmon,Matts,cmattspz@google.pl,721-567-6531,312 Debs Avenue,Al Mazra‘ah,Syria,,304
937,Alexio,Bevar,abevarq0@mapquest.com,295-811-7971,55 Claremont Court,Oslo,Norway,0669,135
938,Gracia,Colloby,gcollobyq1@intel.com,634-498-8787,2 Anzinger Alley,Talugtug,Philippines,6203,356
939,Dorry,Lunny,dlunnyq2@parallels.com,291-568-9448,37923 Sheridan Park,Bissau,Guinea-Bissau,,879
940,Gordon,Heffron,gheffronq3@mac.com,686-846-6813,8524 Redwing Road,Valence,France,26953 CEDEX 9,738
941,Felic,Hurne,fhurneq4@com.com,680-835-9407,48136 Oriole Crossing,Gunungmanik,Indonesia,,914
942,Jameson,Ensley,jensleyq5@hc360.com,519-795-6907,894 Bashford Place,Lubin,Poland,59-339,777
943,Rebekkah,Ince,rinceq6@toplist.cz,405-207-4437,33866 Sheridan Pass,Hecheng,China,,453
944,Sigmund,Kubista,skubistaq7@columbia.edu,668-719-3475,0553 Dennis Parkway,Kebon,Indonesia,,46
945,Ric,Warters,rwartersq8@senate.gov,476-102-6611,533 Debra Alley,Santo Tomé,Argentina,3016,964
946,Kayle,Ganniclifft,kganniclifftq9@webeden.co.uk,269-530-3020,425 Bunker Hill Circle,Liudong,China,,630
947,Genovera,Walesby,gwalesbyqa@census.gov,132-856-2842,130 Mifflin Street,Chợ Lầu,Vietnam,,355
948,Blakeley,Puddefoot,bpuddefootqb@miitbeian.gov.cn,496-947-8580,35 Dixon Junction,Potolo,Bolivia,,276
949,Sherlocke,Hutcheon,shutcheonqc@cnn.com,411-135-8829,0303 Fair Oaks Circle,Baro Kunda,Gambia,,651
950,Sylvester,Chatin,schatinqd@shareasale.com,275-547-4076,9 Corry Crossing,Balpyk Bī,Kazakhstan,,275
951,Bobby,Hazeley,bhazeleyqe@discuz.net,505-124-1959,052 Heffernan Avenue,Khyzy,Azerbaijan,,45
952,Joscelin,Greenstreet,jgreenstreetqf@flickr.com,150-283-9709,44516 Delaware Street,Pishaj,Albania,,946
953,Krissy,Tape,ktapeqg@discuz.net,825-617-2199,625 Cascade Center,Beicheng,China,,949
954,Hugh,Maas,hmaasqh@mysql.com,551-296-7807,696 Corben Way,Võhma,Estonia,,832
955,Dix,Laugheran,dlaugheranqi@blogspot.com,757-397-7991,87 Hoard Street,Montalegre,Portugal,5470-206,919
956,Nikolaus,Heathcoat,nheathcoatqj@foxnews.com,630-384-8157,4521 Larry Avenue,Ngedhusuba,Indonesia,,235
957,Skelly,Stapels,sstapelsqk@skyrock.com,217-291-4963,861 Novick Avenue,Sūrāb,Pakistan,23161,296
958,Marni,Mursell,mmursellql@oaic.gov.au,252-746-7442,7 Cherokee Plaza,Maslovare,Bosnia and Herzegovina,,26
959,Sigrid,Hoff,shoffqm@bigcartel.com,883-601-2473,3148 Rowland Lane,Utama Wetan,Indonesia,,810
960,Corabel,Shawcross,cshawcrossqn@nytimes.com,537-959-0695,131 Sherman Trail,Blimbing,Indonesia,,595
961,Laverna,Girardini,lgirardiniqo@ebay.com,628-196-5336,6 Kedzie Court,Huaguoshan,China,,813
962,Justus,Nashe,jnasheqp@mysql.com,171-592-2151,043 School Trail,Firmat,Argentina,2630,29
963,Brittani,Vickerman,bvickermanqq@tmall.com,983-363-7335,11762 Blaine Court,Wetzlar,Germany,35581,877
964,Loralyn,Illingsworth,lillingsworthqr@google.com,778-471-4547,2593 Bunting Pass,Nyuksenitsa,Russia,161396,676
965,Foster,Caldwell,fcaldwellqs@techcrunch.com,136-825-2174,44141 Mifflin Park,Las Tejeras,Honduras,,79
966,Carmencita,Gammie,cgammieqt@discuz.net,568-705-6030,3 Bashford Terrace,Noailles,France,60434 CEDEX,271
967,Den,Tosspell,dtosspellqu@nps.gov,799-359-7700,07357 Rusk Point,Tangjiawan,China,,426
968,Gabriele,Marten,gmartenqv@omniture.com,790-663-7058,893 Saint Paul Point,Nizui,China,,762
969,Armstrong,Hunte,ahunteqw@amazonaws.com,643-478-8138,06888 8th Junction,Itapicuru,Brazil,48475-000,855
970,Darwin,Quarlis,dquarlisqx@quantcast.com,748-951-5094,5 Beilfuss Avenue,Ariana,Tunisia,,520
971,Curtice,Wrightam,cwrightamqy@creativecommons.org,891-384-4209,5 Northfield Circle,Amargosa,Brazil,45300-000,944
972,Orelie,Waterhous,owaterhousqz@sogou.com,829-459-5110,7264 High Crossing Drive,Zengfu,China,,645
973,Evanne,Kenton,ekentonr0@timesonline.co.uk,987-808-5380,68 Maryland Terrace,Sasovo,Russia,391448,988
974,Maressa,Bartholin,mbartholinr1@free.fr,684-536-0050,6292 Dunning Street,Sainte-Anne-de-Bellevue,Canada,H9X,508
975,Abramo,Duddin,aduddinr2@tamu.edu,316-926-4219,03271 Buell Junction,Bulawayo,Zimbabwe,,603
976,Gare,Northrop,gnorthropr3@chron.com,745-958-1717,38711 Trailsway Parkway,Khlong Toei,Thailand,34360,261
977,Corny,Beeching,cbeechingr4@shop-pro.jp,758-951-7707,74939 Paget Junction,Solsona,Philippines,2910,382
978,Candide,Depke,cdepker5@nbcnews.com,288-411-7157,978 Summerview Center,La Sebala du Mornag,Tunisia,,56
979,Carlin,Ledrun,cledrunr6@stumbleupon.com,353-461-7575,48160 Almo Pass,Banraeaba Village,Kiribati,,192
980,Eleonore,Cunniam,ecunniamr7@ibm.com,897-254-6008,4 Monterey Road,Rudnichnyy,Russia,612830,293
981,Taylor,Routhorn,trouthornr8@fotki.com,259-166-0563,9998 Monica Drive,Tangzang,China,,574
982,Nesta,Saiger,nsaigerr9@bandcamp.com,352-885-7130,271 Declaration Hill,Xi’an,China,,395
983,Mildrid,Woodroof,mwoodroofra@cbslocal.com,484-907-2391,20393 Talmadge Junction,Ponta Porã,Brazil,79900-000,609
984,Billie,Georgeon,bgeorgeonrb@nifty.com,367-694-5131,107 Cardinal Parkway,Yuanshanzi,China,,241
985,Pauline,Boldecke,pboldeckerc@t.co,483-632-8805,65238 Reinke Plaza,Huangascar,Peru,,119
986,Bradly,Carlyon,bcarlyonrd@amazonaws.com,748-876-3500,31693 Surrey Park,Alegrete,Brazil,97540-000,507
987,Michel,Draco,mdracore@sfgate.com,775-162-6097,3 Crowley Avenue,Zhangye,China,,376
988,Boycie,Huskinson,bhuskinsonrf@jalbum.net,500-719-7386,27535 Meadow Valley Street,Kangmei,China,,97
989,Henry,Osgarby,hosgarbyrg@netscape.com,688-624-1104,20 Grasskamp Alley,Darungan,Indonesia,,757
990,Stan,Reimers,sreimersrh@about.me,564-271-8830,746 Sheridan Road,Mandalay,Myanmar,,862
991,Dre,Guinan,dguinanri@bing.com,694-262-0955,3 Glendale Crossing,Nijmegen,Netherlands,6529,71
992,Kalvin,Pescod,kpescodrj@epa.gov,230-566-2976,9 Moulton Crossing,Siepraw,Poland,32-447,308
993,Roley,Cornewall,rcornewallrk@lulu.com,826-687-4642,741 Mcbride Trail,Viradouro,Brazil,14740-000,110
994,Leslie,Blanque,lblanquerl@omniture.com,217-360-4988,61 Rigney Street,La Loma,Mexico,92148,104
995,Clemmie,Fraczek,cfraczekrm@nytimes.com,456-658-0013,046 7th Crossing,Bürenhayrhan,Mongolia,,280
996,Archer,Kordova,akordovarn@imageshack.us,211-807-5544,4 Bobwhite Avenue,Dongjiao,China,,509
997,Chilton,Dunseith,cdunseithro@homestead.com,357-108-2479,73 Leroy Parkway,Colonia Aurora,Argentina,3363,232
998,Jens,Lamperti,jlampertirp@latimes.com,623-803-4166,400 Little Fleur Junction,Peoria,United States,85383,882
999,Papageno,Meriton,pmeritonrq@phoca.cz,622-776-5851,989 Steensland Park,Auxerre,France,89024 CEDEX,778
1000,Zandra,Gray,zgrayrr@bandcamp.com,884-549-7293,83 Fisk Crossing,Fareydūnshahr,Iran,,267
